FID,ID_NUM,lat,long,ESU,COHO_POP,YEAR_,PRICHNLL,SECCHNLL,PRICHNAREA,SECCHNAREA,PCTSCCHNLA,GRADIENT,VWIRCH,WIDTH,ACW,ACH,TERR_WIDTH,TERR_HT,FLOOD_WIDT,FLOOD_HT,UNITS100,NOUNITS,NOPOOLS,PCTPOOLS,PCTSCPOOL,PCTSWPOOL,SCRPOOLD,POOL1P_KM,COMPOOL,COMPOOL_KM,CWPOOL,POOLS100,RESIDPD,RIFFLEDEP,LRGBLDR,WGTED_SLOPE_SILTSAND,WGTED_SLOPE_GRAVEL,WGTED_ALLUNITS_SILTSAND,WGTED_ALLUNITS_GRAVEL,WGTED_ALLUNITS_COBBLE,WGTED_ALLUNITS_BOULDER,WGTED_ALLUNITS_BEDROCK,PCTSHADE,PIECESLWD,VOLUMELWD,LWDPIECE1,LWDVOL1,KEYLWD,KEYLWD1,WDRATIO,LRGBLDR1,BVR_DAM,BVR_ACTIV,CULVERT,MASS_FAIL,DEBRIS_JAM,HAB_STRUCT,NOTES,Shape_Leng,Strahler,ChildNode,ParentNode,SegmentID,NodeID,Child_X,Child_Y
0,1900,44.76579304,-123.8162718,OC,Siletz,2004,133.4,6.3,211.354,13.23,5.890891604,10.07083958,2.23,1.7036,2.9,0.27,3.84,0.68,3.08,0.54,17.89549034,25,10,31.31300538,31.31300538,0,0.35,0,0,0,4.817241379,7.496251874,0.29,0.1,0,26.06673161,57.06492241,18.45792637,22.34085092,11.64966592,0.267160617,47.28439618,79.89342241,10,11.13,7.496251874,8.343328336,0,0,10.68,0,0,0,1,0,0,0, ,1912.64502,1,1151,1149,1151,1151,-123.8027412,44.77740985
1,1900,44.76579304,-123.8162718,OC,Siletz,2013,461.55,6,755.675,7.8,1.021644455,5.297475896,17.6,1.664166667,3.08,0.23,0,1.0625,9.06,0.46,12.8328521,60,18,40.32352074,23.33540718,16.98811356,0.453125,6.416426051,0,0,8.433441558,3.899902502,0.404444444,0.103571429,14,43.44029418,35.85400947,40.78287731,22.29070899,16.353939,4.069376448,16.50309825,48.89530531,4,8.82,0.866645001,1.910952226,0,0,13.88,3.033257502,0,0,2,0,0,0, ,1912.64502,1,1151,1149,1151,1151,-123.8027412,44.77740985
2,1912,44.89216974,-123.660283,OC,Siletz,1998,494.9,42,560.21,21.6,3.712552208,14.43053142,1.54,1.227906977,3.3,0.12,0,0,6.52,0.24,8.008940212,43,7,12.19470274,12.19470274,0,0.278571429,0,2,3.725088471,23.24242424,1.414427157,0.232857143,0.039090909,45,68.87460631,28.77317918,73.41548505,15.33844804,5.228139203,4.610169813,1.407757892,60.83638584,95,179.75,19.19579713,36.32046878,7,1.414427157,29.73333333,9.092746009,0,0,0,1,0,0, ,1298.969696,1,709,714,709,709,-123.6604467,44.89255703
3,1914,44.76032184,-123.7338448,OC,Siletz,2006,503.85,0,1865.66,0,0,6.122556316,4.2875,3.768421053,4.35,0.3375,9.533333333,1.283333333,6.4,0.675,7.541927161,38,9,11.46511154,11.46511154,0,0.443333333,0,1,1.984717674,12.8697318,1.786245907,0.371111111,0.209090909,619,12.99418763,43.13125826,12.94766999,31.35540742,35.24123146,15.41254286,5.043148269,99.80042561,57,93.16,11.31289074,18.48962985,8,1.587774139,12.97619048,122.854024,0,0,0,4,4,0, ,2556.137444,1,1294,1293,1294,1294,-123.7144111,44.76826174
4,1916,44.80293758,-123.6856571,OC,Siletz,1998,523.6,12,512.77,4.8,0.927410785,7.061210848,1.44,1.153846154,2.02,0.26,2.8,0.433333333,3.32,0.52,4.854368932,26,5,5.494908901,5.494908901,0,0.242,0,1,1.867064974,53.02970297,0.954927426,0.21,0.029166667,29,11.53627984,58.46372016,13.64114999,53.37055857,27.89332844,5.009950345,0.085012655,99.75416978,77,163.37,14.70588235,31.2012987,5,0.954927426,8.29047619,5.538579068,0,0,0,4,1,0, ,1823.528137,1,1172,1174,1172,1172,-123.6827824,44.80411167
5,1916,44.80293758,-123.6856571,OC,Siletz,2001,513.2,11,561.91,8.8,1.541938988,8.879384256,5.28,1.185714286,2.16,0.218,3.8,1.55,3.1,0.436,5.34147272,28,4,6.045101715,6.045101715,0,0.35,0,1,1.907668829,60.6712963,0.779423227,0.31,0.0325,141,24.12269129,42.98153034,34.12157894,24.47408537,31.98730298,8.526913383,0.890119325,90.98361524,171,266.16,33.32034295,51.86282151,2,0.389711613,10.08666667,27.47466875,0,0,0,9,15,0, ,1823.528137,1,1172,1174,1172,1172,-123.6827824,44.80411167
6,1917,44.82238805,-123.7198521,OC,Siletz,2000,565,0,1719.5,0,0,10.38053097,1,3.042857143,8.04,0.68,0,0,12.06,1.36,3.716814159,21,0,0,0,0,0,0,0,0,0,0,0,0,680,0,0,17.57311642,29.69490825,21.20674615,31.52522918,0,96.90265487,319,802.4,56.46017699,142.0176991,32,5.663716814,12.29166667,120.3539823,0,0,0,15,15,0, ,2578.858223,1,958,944,958,958,-123.7097311,44.83312438
7,1917,44.82238805,-123.7198521,OC,Siletz,2009,471.4,0,851.74,0,0,7.888629614,1.333333333,2.03,4.933333333,0.45,0,0,7.85,0.9,6.364022062,30,9,13.8469486,13.8469486,0,0.488888889,0,3,6.364022062,10.61711712,1.909206619,0.372222222,0.1,235,12.41743725,56.24834875,10.84018637,44.74206502,29.10938127,15.07355391,0.234813441,90.99549804,194,430.52,41.15400933,91.32795927,15,3.182011031,12.56852869,49.85150615,0,0,0,0,5,0, ,2578.858223,1,958,944,958,958,-123.7097311,44.83312438
8,1920,44.96459447,-123.6849707,OC,Siletz,2000,499.9,10,415.1,5,1.190192811,14.68953791,2.6,0.876923077,1.78,0.17,2,0.3,4.02,0.34,5.099039027,26,4,4.006189003,4.006189003,0,0.2675,0,0,0,71.61516854,0.800160032,0.2575,0,0,0,0,12.11805292,70.20966354,16.18867688,0.166626994,1.316979666,98.74594147,49,113.86,9.801960392,22.77655531,6,1.200240048,10.5,0,0,0,1,0,2,0, ,960.6244584,1,187,186,187,187,-123.6837482,44.96780899
9,1921,44.93612095,-123.687673,OC,Siletz,2003,429.7,2.3,2946.42,6.44,0.218093645,27.04165697,1,6.680952381,7.65,0.3125,0,0,9.25,0.625,4.861111111,21,1,0.218093645,0,0.218093645,0,0,1,2.314814815,56.47058824,0.232720503,0,0,1071,0,0,1.53573146,6.872782262,24.97541835,61.70323657,4.912831354,93.84863683,95,124.16,22.10844775,28.89457761,5,1.163602513,26.875,249.2436584,0,0,0,0,3,0, ,3099.335495,1,402,422,402,402,-123.6794694,44.9426858
10,1924,44.76931031,-123.8129841,OC,Siletz,2002,515.9,0,1068.06,0,0,3.887478193,2.38,2.123529412,4.14,0.25,5.366666667,0.766666667,4.96,0.5,6.590424501,34,7,10.3346254,10.3346254,0,0.325714286,0,2,3.876720295,17.80193237,1.356852103,0.267142857,0.038333333,1,10.88249763,83.81829902,12.5116894,76.55309636,5.049330467,0.571986395,5.31389737,98.00887338,116,177.96,22.48497771,34.49505718,5,0.969180074,16.56,0.193836015,0,0,0,3,0,0, ,1912.64502,1,1151,1149,1151,1151,-123.8027412,44.77740985
11,1924,44.76931031,-123.8129841,OC,Siletz,2011,502.7,0,738.69,0,0,3.938134076,3.6,1.445652174,3.08,0.3,5.3,1,10.24,0.6,9.150586831,46,18,26.21532713,26.21532713,0,0.291666667,0,1,1.989258007,9.067460317,3.580664412,0.239444444,0.087333333,0,25.48409864,54.69859816,25.08178491,55.55328936,15.36776983,0,3.997155899,88.59823619,111,71.46,22.08076388,14.21523772,1,0.198925801,10.26666667,0,0,0,0,6,0,0, ,1912.64502,1,1151,1149,1151,1151,-123.8027412,44.77740985
12,1925,44.77550455,-123.8177448,OC,Siletz,1998,500.3,6.5,864.71,5.88,0.675404036,2.200079952,3.2,1.767741935,3.18,0.38,6,1,4.42,0.76,12.23362273,62,28,39.3319473,38.95289401,0.379053286,0.347407407,1.973164957,3,5.91949487,5.691823899,5.596642015,0.278518519,0.07,22,37.78818222,45.64356743,53.4977988,32.1195884,13.05299632,1.222677504,0.106938972,95.81689029,71,137.64,14.19148511,27.5114931,5,0.99940036,8.45,4.397361583,0,0,0,1,0,0,Designated HAB only site in 1998 draw,2640.990258,1,1150,1149,1150,1150,-123.8085876,44.78277352
13,1925,44.77550455,-123.8177448,OC,Siletz,1999,544.7,3,876.35,3,0.341161085,1.39507986,3.02,1.586486486,3.92,0.3,8.95,1.25,4.96,0.6,6.755523097,37,20,33.71581282,33.37465173,0.341161085,0.343157895,0,11,20.08398758,6.985969388,3.671745915,0.273684211,0.073076923,0,23.99523074,64.18785794,23.75381038,66.77103602,9.062121244,0,0.413032353,92.65970828,111,120.19,20.37818983,22.06535708,8,1.468698366,13.06666667,0,0,0,0,0,2,0,Designated HAB only site in 1998 draw,2640.990258,1,1150,1149,1150,1150,-123.8085876,44.78277352
14,1925,44.77550455,-123.8177448,OC,Siletz,2000,490.9,0,835.86,0,0,3.458647382,3.8,1.874074074,5.5,0.76,7.466666667,1.433333333,19.6,1.52,5.500101854,27,6,18.18486349,18.18486349,0,0.566666667,0,2,4.074149521,14.87575758,1.222244856,0.506666667,0.132631579,19,18.12861026,60.82107243,22.50294365,61.65533235,14.67397617,0.970435497,0.197312337,80.78529232,68,123.95,13.85210837,25.24954166,4,0.814829904,7.846666667,3.870442045,0,0,0,4,9,0,Designated HAB only site in 1998 draw,2640.990258,1,1150,1149,1150,1150,-123.8085876,44.78277352
15,1925,44.77550455,-123.8177448,OC,Siletz,2001,492.6,0,931.23,0,0,2.264717824,7.5,1.975,2.42,0.244,5.786666667,1.366666667,4.66,0.488,5.684125051,28,6,11.40964101,11.40964101,0,0.483333333,0,2,4.060089322,33.92561983,1.218026797,0.433333333,0.097619048,8,21.60149796,38.96763879,27.3135907,37.75932711,30.45247237,3.658484917,0.81612491,66.7247485,97,152.2,19.69143321,30.89727974,5,1.01502233,10.0569697,1.624035729,0,0,0,0,7,0,Designated HAB only site in 1998 draw,2640.990258,1,1150,1149,1150,1150,-123.8085876,44.78277352
16,1925,44.77550455,-123.8177448,OC,Siletz,2002,507.9,10.6,982.16,5.3,0.536730602,2.400866312,8.02,1.957142857,3.18,0.31,6.233333333,1.4,4.54,0.62,8.100289296,42,17,31.33190205,30.79517145,0.536730602,0.408,0,7,13.50048216,9.591194969,3.347115574,0.347333333,0.076923077,0,7.370489034,78.71690371,13.18138883,75.17628959,10.05635143,1.122260495,0.463709656,78.71316833,81,164.5,15.94802126,32.38826541,8,1.575113211,10.87333333,0,0,0,0,5,9,0,Designated HAB only site in 1998 draw,2640.990258,1,1150,1149,1150,1150,-123.8085876,44.78277352
17,1925,44.77550455,-123.8177448,OC,Siletz,2003,500.1,0,784.63,0,0,3.305138972,5.932,1.590217391,3.4,0.39,9.366666667,1.566666667,5.18,0.78,9.198160368,46,14,27.59262327,27.59262327,0,0.382142857,0,2,3.99920016,10.50630252,2.799440112,0.337142857,0.113333333,1,21.33876697,53.04623179,29.03130662,49.00621647,21.60116011,0,0.361316799,83.28334333,67,106.86,13.39732054,21.36772645,6,1.199760048,9.074603175,0.199960008,0,0,0,2,0,0,Designated HAB only site in 1998 draw,2640.990258,1,1150,1149,1150,1150,-123.8085876,44.78277352
18,1925,44.77550455,-123.8177448,OC,Siletz,2005,492.7,10,633.71,6,0.937924997,1.368378324,7.4,1.459459459,2.34,0.3,5.9,1.633333333,4.24,0.6,7.360254625,37,15,30.43879258,30.43879258,0,0.32,0,1,1.989258007,14.32193732,3.044448955,0.267333333,0.136842105,5,26.02685076,50.28990032,31.06759313,49.18231922,19.02726012,0.209782558,0.513044974,81.66511947,57,78.61,11.56890603,15.95494216,4,0.811853055,8.234285714,1.014816318,0,0,0,8,2,0,Designated HAB only site in 1998 draw,2640.990258,1,1150,1149,1150,1150,-123.8085876,44.78277352
19,1925,44.77550455,-123.8177448,OC,Siletz,2006,484.2,10,1048.65,5,0.474540882,1.896530359,7.206,2.191666667,2.46,0.35,8.6,1.266666667,4.92,0.7,4.856333468,24,4,9.758458691,9.758458691,0,0.375,0,1,2.023472278,50.22357724,0.826104915,0.3275,0.141666667,2,55.91246708,30.14241824,60.21857353,27.12432971,12.65709676,0,0,88.53927785,43,102.94,8.88062784,21.25981,5,1.032631144,7.247619048,0.413052458,0,0,0,0,0,0,Designated HAB only site in 1998 draw,2640.990258,1,1150,1149,1150,1150,-123.8085876,44.78277352
20,1925,44.77550455,-123.8177448,OC,Siletz,2007,1089.5,5,1988.26,2,0.100489383,1.533180358,15.7,1.776744186,2.54,0.32,9.025,1.8875,4.28,0.64,3.928734582,43,14,13.3856883,13.3856883,0,0.414285714,0,2,1.82731841,30.77896513,1.284993116,0.359285714,0.1444,4,46.29932783,37.24159785,43.29052486,40.2617246,16.44775055,0,0,64.71600426,53,62.86,4.864616797,5.769619091,2,0.183570445,8.414285714,0.36714089,0,0,1,0,0,0,Re-designated REAR site in 2007 draw,2640.990258,1,1150,1149,1150,1150,-123.8085876,44.78277352
21,1925,44.77550455,-123.8177448,OC,Siletz,2008,326.7,7.8,467.63,6.9,1.454070343,4.628711356,5.5,1.553488372,2.95,0.375,4,1.1,3.55,0.75,12.85500747,43,20,30.76307083,29.81476408,0.948306746,0.265789474,0,3,8.968609865,5.669491525,6.121824304,0.216315789,0.090909091,11,18.5819455,50.89579391,27.42301154,44.86871251,25.46845475,1.709702312,0.53011888,87.83922936,51,107.62,15.61065197,32.94153658,5,1.530456076,7.892857143,3.367003367,0,0,0,0,0,0,Re-designated REAR site in 2007 draw,2640.990258,1,1150,1149,1150,1150,-123.8085876,44.78277352
22,1925,44.77550455,-123.8177448,OC,Siletz,2009,496.5,10.5,842.79,7.41,0.871559633,3.273212487,4.7,1.619444444,2.66,0.3,6.55,1.7,3.88,0.6,7.100591716,36,12,28.54740061,28.40037638,0.14702423,0.322727273,0,2,3.944773176,15.88345865,2.416918429,0.268181818,0.125,5,20.65849143,57.28025271,23.38875494,56.28213393,17.39313528,2.078138477,0.857837372,58.54262547,54,64.16,10.87613293,12.9224572,4,0.805639476,8.866666667,1.007049345,0,0,0,3,0,0,Re-designated REAR site in 2007 draw,2640.990258,1,1150,1149,1150,1150,-123.8085876,44.78277352
23,1925,44.77550455,-123.8177448,OC,Siletz,2010,606.7,14.5,1173.83,5.45,0.462146394,1.602109774,8.5,2.268333333,2.5625,0.275,8.6,1.583333333,4.9,0.55,4.829362524,30,14,23.98073401,19.01329625,4.967437759,0.3,0,8,12.87830006,17.31567944,2.307565518,0.265714286,0.093571429,2,35.32805138,44.88312253,35.22222579,46.37593602,14.92364996,1.815434323,1.662753906,73.36606568,96,88.94,15.82330641,14.65963409,4,0.659304434,9.508333333,0.329652217,0,0,0,1,6,0, ,2640.990258,1,1150,1149,1150,1150,-123.8085876,44.78277352
24,1925,44.77550455,-123.8177448,OC,Siletz,2011,567.3,15.2,862.09,11.07,1.267808878,2.042129385,8.3,1.503389831,3.46,0.35,5.133333333,1.183333333,6.4,0.7,10.12875536,59,26,33.31004627,32.96646663,0.343579642,0.392,0,5,8.583690987,6.475100044,4.583112991,0.292,0.104444444,10,25.43751083,40.0353101,34.98730338,35.54277603,25.6698113,1.252844927,2.547264365,78.41440153,81,114.08,14.2781597,20.10928962,6,1.05764146,9.885714286,1.762735766,0,0,0,0,0,0, ,2640.990258,1,1150,1149,1150,1150,-123.8085876,44.78277352
25,1925,44.77550455,-123.8177448,OC,Siletz,2012,639.1,3.5,1215.62,1.4,0.115035086,2.160381787,7.3,1.846666667,3.82,0.57,5.8,1.766666667,6.66,1.14,14.00560224,90,40,47.12740957,47.12740957,0,0.35875,0,5,7.780890134,4.205497382,6.25880144,0.265,0.155555556,49,10.21993476,70.76491762,22.6839067,57.62261448,14.86065594,1.910110027,2.922712856,70.7728153,63,94.95,9.857612267,14.85682992,5,0.78235018,6.724242424,7.667031763,0,1,0,1,0,0, ,2640.990258,1,1150,1149,1150,1150,-123.8085876,44.78277352
26,1925,44.77550455,-123.8177448,OC,Siletz,2013,594.9,36,1288.57,29.4,2.230703279,2.53790553,8.98,2.040425532,3.58,0.37,0,1.775,5.76,0.74,7.449675067,47,14,11.63304172,11.40541894,0.227622784,0.480769231,0,0,0,12.58778931,2.353336695,0.376923077,0.160869565,3,18.55110166,54.49803194,23.74276349,50.57429228,18.09324188,4.839260378,2.750441968,71.22761135,41,110.5,6.891914607,18.57455034,5,0.840477391,9.785714286,0.504286435,0,0,0,0,1,0, ,2640.990258,1,1150,1149,1150,1150,-123.8085876,44.78277352
27,1925,44.77550455,-123.8177448,OC,Siletz,2014,596.8,21,1328.18,36.96,2.707414624,2.273961126,8.5,2.190384615,4.033333333,0.433333333,8.85,1.725,6.333333333,0.866666667,8.416963419,52,21,22.86432161,21.89812034,0.966201269,0.411111111,0,2,3.237293623,7.293978749,3.518766756,0.336666667,0.116666667,2,15.35656686,54.92155529,17.86098862,52.97540912,24.01387403,2.815242393,2.33448584,91.14510269,47,256.42,7.875335121,42.96581769,9,1.508042895,9.37037037,0.335120643,0,0,0,2,3,0, ,2640.990258,1,1150,1149,1150,1150,-123.8085876,44.78277352
28,1925,44.77550455,-123.8177448,OC,Siletz,2015,611.8,16.9,1080.65,20.63,1.873274735,2.840552468,12.5,1.809036145,3.18,0.46,6.325,1.25,4.8,0.92,13.20184508,83,37,35.10278948,35.10278948,0,0.351351351,0,3,4.771751233,5.34336223,6.047728016,0.296486486,0.081428571,1,18.58662853,62.42735889,25.16290133,57.82655817,12.92631428,0.260357278,3.823868942,91.53941997,41,111.67,6.70153645,18.25269696,6,0.980712651,7.09025974,0.163452109,0,0,0,1,6,0, ,2640.990258,1,1150,1149,1150,1150,-123.8085876,44.78277352
29,1925,44.77550455,-123.8177448,OC,Siletz,2016,613.5,17.2,1294.25,18.67,1.422021144,2.57196414,12.7,1.9890625,2.74,0.34,7.08,1.51,4.74,0.68,10.14745521,64,25,19.25479085,19.25479085,0,0.378,0,2,3.171079753,9.20729927,4.074979625,0.3316,0.136923077,7,17.00562248,46.91466025,21.86259776,47.13514518,29.88840396,0.223166682,0.890686409,95.02228564,55,148.83,8.964955175,24.2591687,6,0.97799511,8.147142857,1.140994295,0,0,0,1,4,0, ,2640.990258,1,1150,1149,1150,1150,-123.8085876,44.78277352
30,1925,44.77550455,-123.8177448,OC,Siletz,2017,616.1,15.2,1352.96,17.76,1.295669429,2.4375913,10.7,2.121428571,3.4,0.35,10.15,2.4,4.2,0.7,11.08823064,70,28,23.83418933,23.49859928,0.335590055,0.381481481,0,0,0,6.631302521,4.544716767,0.313703704,0.096818182,1,11.20678669,60.18571296,15.80541613,56.03930781,25.6438587,0.411936792,2.099480565,98.1488815,36,120.95,5.843207272,19.63155332,6,0.973867879,9.878571429,0.162311313,0,0,0,0,2,0, ,2640.990258,1,1150,1149,1150,1150,-123.8085876,44.78277352
31,1932,44.82481231,-123.8521941,OC,Siletz,2005,522.8,27,1212.04,25.1,2.028873046,3.754303749,5.9,2.082051282,5.76,0.4,11.18,1.48,9.22,0.8,7.093488541,39,8,9.845288326,9.845288326,0,0.4625,0,4,7.275372863,11.93142361,1.530221882,0.40875,0.161538462,7,23.49308548,45.93117643,25.65550382,42.78610343,30.89193624,0.666456505,0,65.95135605,176,116.55,33.66488141,22.29342005,1,0.191277735,14.79134199,1.338944147,0,0,0,3,6,0, ,812.1320344,2,813,826,813,813,-123.8465278,44.82489887
32,1934,44.70664918,-123.883473,OC,Siletz,2000,515.9,21.9,776.17,21.99,2.755086699,3.151618531,5.833333333,1.624242424,4.1,0.391666667,3.025,0.625,17.95,0.783333333,6.136110078,33,7,15.11351108,13.21038388,1.903127193,0.553333333,0,2,3.718854593,18.73867596,1.356852103,0.493333333,0.065263158,2,21.15980983,62.89201657,24.09075248,55.74371053,11.68647264,1.474954896,7.004109452,85.34461386,157,379.54,30.43225431,73.56852103,8,1.550688118,11.30634921,0.387672029,0,1,2,1,4,0, ,1589.741341,1,1417,1362,1417,1417,-123.8788981,44.70101703
33,1934,44.70664918,-123.883473,OC,Siletz,2003,493.1,57.5,872.68,39.42,4.321894529,2.112249037,6.3,1.877173913,3.44,0.47,4,1.2,9.86,0.94,8.354522339,46,13,30.58436575,10.97028835,19.6140774,0.4375,0,3,5.448601526,12.31216458,2.636382073,0.41,0.07625,0,31.33993419,61.71081645,52.6388615,43.44233347,3.832849538,0.085955487,0,92.60735763,160,317.84,32.44777936,64.45751369,15,3.041979315,7.636565657,0,1,2,1,0,13,0, ,1589.741341,1,1417,1362,1417,1417,-123.8788981,44.70101703
34,1934,44.70664918,-123.883473,OC,Siletz,2006,502.8,52.3,952.955,68.76,6.729861067,2.00477327,6.202,1.965384615,3.5,0.366,8.166666667,0.923333333,7.44,0.732,9.367681499,52,20,22.75977156,22.75977156,0,0.342,0,8,14.41181769,7.93,3.977724741,0.312222222,0.14875,0,55.87201326,38.19309478,63.12239948,32.55340519,4.324195336,0,0,98.45423247,136,203.44,27.04852824,40.46141607,5,0.994431185,9.928615139,0,0,0,1,0,6,0, ,1589.741341,1,1417,1362,1417,1417,-123.8788981,44.70101703
35,1934,44.70664918,-123.883473,OC,Siletz,2012,670.1,12,998.32,4.45,0.443770755,4.764960454,6.24,1.51875,3.38,0.36,8.3,0.916666667,8.36,0.72,9.382788447,64,23,34.21223212,27.32231718,6.889914936,0.394736842,0,2,2.93212139,8.774118858,3.432323534,0.335909091,0.075714286,16,31.36336842,49.35929825,37.33661754,46.03939669,13.65730348,1.782462579,1.184219711,78.37275408,100,212.47,14.9231458,31.70720788,12,1.790777496,9.65,2.387703328,0,0,1,2,1,0, ,1589.741341,1,1417,1362,1417,1417,-123.8788981,44.70101703
36,1934,44.70664918,-123.883473,OC,Siletz,2015,510.8,33.3,905.2,27.9,2.990033223,2.908574785,7.6,1.726315789,2.88,0.44,5.55,1,4.26,0.88,10.47601544,57,22,26.09259458,25.7496517,0.342942879,0.371428571,0,5,9.189487227,8.587436869,4.30696946,0.328095238,0.06625,0,24.08565716,57.35693991,29.53290108,55.58944073,14.43014835,0.146608081,0.300901756,98.93453001,97,129.9,18.98981989,25.43069695,2,0.391542678,6.664285714,0,0,0,2,0,7,0, ,1589.741341,1,1417,1362,1417,1417,-123.8788981,44.70101703
37,1936,44.94071071,-123.8433925,OC,Siletz,1998,509.4,137.3,2374.93,298.76,11.17407029,3.189045936,7.32,3.928947368,11.22,0.36,22.56,3.74,18.46,0.72,5.875985774,38,8,16.54268071,16.54268071,0,0.525,0,1,1.546312046,7.204768271,1.570475069,0.38125,0.115384615,659,11.61453781,19.17930956,11.4063146,18.06743087,41.55135211,23.50259129,5.472311139,80.48554198,52,80.87,10.20808795,15.87553985,2,0.392618767,31.78809524,129.3678838,0,5,0,0,1,0, ,1346.101731,3,149,154,149,149,-123.8413159,44.94143587
38,1938,44.90801798,-123.9624472,OC,Siletz,1999,399.9,0,597.3,0,0,33.2056014,1,1.53,3.025,0.3125,0,0,3.85,0.625,7.501875469,30,4,3.232881299,3.232881299,0,0.475,0,0,0,33.04958678,1.000250063,0.3575,0,48,0,0,5.906958926,21.64696802,41.40757913,18.09346679,12.94502713,84.09394015,113,138.21,28.25706427,34.56114029,6,1.500375094,9.446428571,12.00300075,0,0,1,2,5,0, ,1575.1829,1,160,159,160,160,-123.9495885,44.9133284
39,1939,44.92154076,-123.9147324,OC,Siletz,1999,419.2,0,1236.43,0,0,13.64921279,1,2.496666667,3.7,0.2625,0,0,4.875,0.525,7.15648855,30,9,5.521541858,5.521541858,0,0.35,0,5,11.92748092,12.58858859,2.146946565,0.286666667,0,203,0,0,12.8205493,24.51988652,22.40984784,17.49505091,22.75466544,89.2149067,246,190.16,58.68320611,45.36259542,4,0.954198473,14.10833333,48.42557252,0,0,0,0,3,0, ,1402.46212,1,144,180,144,144,-123.923328,44.92909813
40,1940,44.88361655,-123.9986879,OC,Siletz,2001,502.9,0,1086.76,0,0,19.86339232,3.22,2.297560976,2.66,0.28,5.3,0.7,4.6,0.56,8.152714257,41,7,3.312598918,2.576465825,0.736133093,0.48,0,1,1.988466892,27.00859291,1.391926824,0.437142857,0,323,0,0,7.336922829,15.16599869,36.73833297,20.34323598,20.41550952,90.09743488,154,136.67,30.62239014,27.17637701,1,0.198846689,9.56,64.22748061,0,0,0,1,7,0, ,1069.705627,2,274,210,274,274,-123.9978974,44.88084239
41,1940,44.88361655,-123.9986879,OC,Siletz,2010,388.36,19.35,436.4972,20.8,4.548464325,13.53836646,5.3,1.189591837,4.862,1.16,31,8.375,13.44,2.32,12.01834637,49,14,11.0096891,10.55265591,0.457033194,0.326923077,0,2,4.905447499,5.989745549,3.604902668,0.266428571,0.125,104,14.28571429,23.80952381,18.76467128,28.10983044,32.98097082,13.54677835,6.597749102,62.20993135,64,39.09,16.47955505,10.06540323,1,0.257493048,4.327299663,26.77927696,0,0,1,1,2,0, ,1069.705627,2,274,210,274,274,-123.9978974,44.88084239
42,3458,44.87979099,-123.8991485,OC,Siletz,1998,571.1,30,1601.96,60,3.610195191,14.37170373,1,2.711428571,5.18,0.38,0,0,7.3,0.76,5.822658459,35,7,9.293845821,9.293845821,0,0.335714286,0,0,0,16.57749586,1.22570478,0.257142857,0.15,206,20,30,12.86303072,19.41139108,27.92131515,7.837621036,31.96664201,97.6265735,98,152.8,17.15986692,26.75538435,4,0.700402732,14.45,36.07074068,0,0,0,6,0,0, ,1106.984848,2,391,401,391,391,-123.895247,44.88147148
43,3466,44.8488844,-123.9329816,OC,Siletz,2016,671.2,14,842.82,19.6,2.272674567,6.118891538,5.7,1.21,1.84,0.27,4.3,0.9,2.58,0.54,2.918855809,20,0,0,0,0,0,0,0,0,0,0,0,0,0,24.92610837,27.6908867,27.29886159,32.8168776,22.08516671,1.4494098,16.3496843,99.59460336,86,152.97,12.81287247,22.79052443,1,0.148986889,7.4,0,0,0,0,1,2,0, ,377.1320344,1,564,563,564,564,-123.9300758,44.85091583
44,3467,44.86483595,-123.9613595,OC,Siletz,2017,1003,0,941.2,0,0,1.363409771,10.5,0.982758621,2.86,0.26,4.5,0.6,9.22,0.52,2.891326022,29,3,3.941776456,3.941776456,0,0.5,0,1,0.997008973,116.8997669,0.299102692,0.366666667,0.139130435,13,74.47906198,23.88609715,76.04228644,22.38525287,1.572460688,0,0,56.61626232,223,325.67,22.2333001,32.46959123,11,1.09670987,11.17333333,1.296111665,0,0,0,0,0,0, ,1648.675324,1,470,476,470,470,-123.9654486,44.86908769
45,3471,44.8380535,-123.9682842,OC,Siletz,2006,1000.8,0,3253.58,0,0,0.907074341,18.2,2.963157895,3.82,0.5,8.94,3.74,5.38,1,3.79696243,38,18,75.47962552,38.36205042,37.1175751,0.510666667,0.999200639,9,8.992805755,14.55497382,1.798561151,0.530555556,0.105384615,22,48.27129765,50.79514807,81.94103111,17.61361331,0.168276176,0.277079402,0,77.99821254,71,196.71,7.09432454,19.65527578,11,1.099120703,7.89,2.198241407,3,15,1,0,0,0, ,874.2640687,2,606,605,606,606,-123.96742,44.83839107
46,3471,44.8380535,-123.9682842,OC,Siletz,2015,1077.7,31,1896.3,24.7,1.285788652,1.090192076,8.4,1.678504673,2.94,0.48,7.15,1.4625,5.44,0.96,9.650942545,107,45,60.62988027,60.62988027,0,0.408888889,0,13,11.72544421,8.380196523,4.175559061,0.342886667,0.085277778,11,67.00416134,28.14197121,73.17938574,21.21650182,0,0.19849037,5.405622072,92.20057525,134,125.91,12.43388698,11.68321425,4,0.371160805,6.224242424,1.020692215,0,3,1,1,0,0, ,874.2640687,2,606,605,606,606,-123.96742,44.83839107
47,3497,44.86206548,-123.8504335,OC,Siletz,2009,466.9,10.4,796.01,10.62,1.316588771,3.506960805,1.3,1.715686275,3.16,0.32,7.8,0.8,5.86,0.64,10.68510371,51,20,29.11867895,28.59799412,0.520684825,0.505263158,0,3,6.285355123,7.55221519,4.283572499,0.433157895,0.09375,12,11.74201612,53.71961301,19.96579242,47.24850834,31.83805285,0.298401993,0.649244387,93.60930698,115,571.61,24.63054187,122.4266438,26,5.568644249,10.12952381,2.5701435,0,0,0,0,2,0, ,1552.46212,1,643,580,643,643,-123.851558,44.8521129
48,3497,44.86206548,-123.8504335,OC,Siletz,2012,556.4,7,938.34,15,1.573415571,4.200503235,1.5,1.863636364,4.475,0.35,0,0,7.15,0.7,9.762158324,55,23,38.42071034,35.46898273,2.95172761,0.438095238,0,6,10.64962726,5.473888754,4.133716751,0.365909091,0.096,38,19.5675817,43.22132446,26.90547681,38.27186244,30.75746178,1.795694236,2.26950474,78.78357591,130,668.69,23.36448598,120.1815241,56,10.06470165,13.52083333,6.829618979,0,1,0,7,8,0, ,1552.46212,1,643,580,643,643,-123.851558,44.8521129
49,3504,44.8025354,-123.8841627,OC,Siletz,2012,513.4,5,597.23,3.5,0.582624474,9.671308921,1.5,1.273584906,2.64,0.34,0,0,4.32,0.68,10.22376543,53,14,14.66715496,14.66715496,0,0.303571429,0,1,1.929012346,14.02597403,2.726918582,0.214285714,0.091666667,104,13.17522889,36.366353,16.20003687,17.79220105,46.82544225,7.599095703,11.58322413,80.64932699,81,164.48,15.7771718,32.03739774,4,0.779119595,8.323333333,20.25710947,0,0,0,0,1,0, ,2610.990258,1,915,902,915,915,-123.8820942,44.80728996
50,3511,44.81023362,-123.8348202,OC,Siletz,2005,499.45,23.7,507.29,11.85,2.282621258,21.40904995,1,0.958333333,1.98,0.31,0,0,2.54,0.62,10.32208736,54,11,6.768887005,6.768887005,0,0.3,0,3,5.734492975,24.01974288,2.202422665,0.29,0,883,0,0,0.943570594,7.138240992,44.63264566,46.11779647,1.167746291,62.28301847,328,457.37,65.67223946,91.57473221,13,2.602863149,6.474285714,176.7944739,0,0,1,0,3,0, ,1822.46212,1,900,922,900,900,-123.8251922,44.81158907
51,3512,44.804211,-123.8469311,OC,Siletz,2005,553.6,10,1327.7,4,0.300367951,7.331015173,1.8,2.525,6.3,0.42,0,0,11.94,0.84,6.387508872,36,12,21.86678681,21.86678681,0,0.525,0,1,1.77430802,7.455026455,2.167630058,0.425,0.125,430,11.8081761,36.8081761,12.09283957,21.23062208,22.71995459,22.91262511,21.04395864,78.44610047,209,331.17,37.75289017,59.82117052,15,2.709537572,14.73,77.6734104,0,1,0,0,2,0, ,1743.380951,2,922,925,922,922,-123.8444872,44.80703952
52,3515,44.72390456,-123.889626,OC,Siletz,2007,453.5,0,1626.69,0,0,1.572546858,8.333333333,3.569230769,4.033333333,0.316666667,7.333333333,0.816666667,5.033333333,0.633333333,5.733186329,26,10,84.87603661,10.82382015,74.05221646,0.37,4.41014333,7,15.43550165,11.24380165,2.205071665,0.529,0.147,0,95.90218821,4.09781179,99.57865358,0.421346415,0,0,0,68.68124464,54,40.61,11.90738699,8.954796031,1,0.220507166,12.71428571,0,5,10,0,0,0,0, ,1457.314934,1,1305,1282,1305,1305,-123.8807897,44.72875561
53,3517,44.71940907,-123.9398839,OC,Siletz,2005,921.8,29.1,3807.21,25.28,0.659623378,1.972000434,3.28,4.203333333,10.8,0.49,14.45,1.75,12.02,0.98,6.309811757,60,28,65.53520035,48.65896584,16.87623451,0.627083333,2.103270586,20,21.03270586,3.144510582,3.037535257,0.519285714,0.12,21,13.16290923,49.6539705,33.79170825,40.86649092,6.732273771,2.030093303,16.57943376,57.34018065,339,393.79,36.77587329,42.71967889,11,1.193317422,22.06222222,2.278151443,2,5,0,6,6,0, ,2057.939392,3,1273,1259,1273,1273,-123.9591802,44.72247081
54,3517,44.71940907,-123.9398839,OC,Siletz,2014,984.8,64,5304.68,126.85,2.335437713,1.697502031,2.666666667,4.493421053,7.2,0.5,15.85,2,12.9,1,7.246376812,76,36,65.3929924,65.13045127,0.262541126,0.594117647,4.767353166,11,10.48817696,4.046296296,3.655564582,0.5,0.124285714,25,27.83485075,37.09186362,28.57860361,33.87818244,21.70198163,1.073194057,14.76803826,85.37773328,173,323.27,17.56701868,32.82595451,10,1.015434606,14.55757576,2.538586515,0,0,0,10,8,0, ,2057.939392,3,1273,1259,1273,1273,-123.9591802,44.72247081
55,3518,44.74193191,-123.9651071,OC,Siletz,1999,502.5,0,21980,0,0,0.378109453,1,39.25,40.8,0.3,0,0,44.2,0.6,2.388059701,12,2,23.97634213,15.55959964,8.416742493,1.5,3.980099502,2,3.980099502,6.158088235,0.39800995,1,0,0,0,0,100,0,0,0,0,60.25428413,22,31.77,4.378109453,6.32238806,0,0,136.4761905,0,1,1,0,0,0,0, ,1324.264069,2,1167,1233,1167,1167,-123.9653652,44.74253628
56,3518,44.74193191,-123.9651071,OC,Siletz,2002,534.1,0,12737.72,0,0,0.676839543,1,18.67777778,31.4,1.24,0,0,31.4,2.48,1.685077701,9,5,99.07047729,2.092211165,96.97826613,0.9,7.489234226,2,3.744617113,3.401910828,0.936154278,1.24,0,0,0,0,100,0,0,0,0,45.83307329,39,82.45,7.30200337,15.43718405,3,0.561692567,25.38461538,0,4,8,0,0,3,0, ,1324.264069,2,1167,1233,1167,1167,-123.9653652,44.74253628
57,3518,44.74193191,-123.9651071,OC,Siletz,2005,626.3,20,15758.25,304,1.892636461,0.801053808,1,16.42142857,31,0.35,0,0,32.5,0.7,2.166176698,14,7,98.93956326,0,98.93956326,0,7.73634535,5,7.73634535,2.978341014,1.117675236,1.483333333,0.05,0,100,0,99.99523168,0.004768323,0,0,0,57.50408307,48,52.45,7.664058758,8.374580872,0,0,88.57142857,0,6,11,0,0,1,0, ,1324.264069,2,1167,1233,1167,1167,-123.9653652,44.74253628
58,3518,44.74193191,-123.9651071,OC,Siletz,2008,484.7,33,20925,678,3.138452993,0.949040644,1.5,29.44444444,33.225,1.3,0,0,38.25,2.6,1.738458567,9,6,98.37059668,1.152617692,97.21797898,1,7.726482519,5,9.658103149,2.596940055,1.2378791,0.858333333,0,0,0,0,98.37964424,1.620355759,0,0,0,65.6557852,54,385.7,11.1409119,79.57499484,11,2.269445018,25.96002568,0,3,6,0,0,0,0, ,1324.264069,2,1167,1233,1167,1167,-123.9653652,44.74253628
59,3518,44.74193191,-123.9651071,OC,Siletz,2011,658.4,28.5,2816.45,69.15,2.396382035,0.50045565,6.28,3.209375,4.72,0.35,9.875,0.95,14.08,0.7,4.658611152,32,20,97.43727474,48.90802606,48.52924868,0.815,14.55815985,15,21.83723977,7.276483051,3.037667072,0.899473684,0.1,0,20,80,92.80521491,4.600977596,0,0,2.593807496,55.14711829,183,336.92,27.79465371,51.17253949,15,2.278250304,13.48571429,0,8,22,0,0,3,0, ,1324.264069,2,1167,1233,1167,1167,-123.9653652,44.74253628
60,3518,44.74193191,-123.9651071,OC,Siletz,2014,654.8,163,3134.43,226.5,6.739206113,0.348274282,9,2.598039216,5.233333333,0.466666667,8.5,1.4,33.2,0.933333333,6.23624358,51,25,85.11275153,36.91180715,48.20094438,0.533333333,1.222792859,8,9.782342871,6.250700637,3.817959682,0.422,0.147333333,0,85.69975742,13.99888039,92.60625779,7.077743363,0.315998846,0,0,76.78867422,106,267.66,16.18814905,40.87660354,6,0.916310324,11.2,0,1,2,0,0,4,0, ,1324.264069,2,1167,1233,1167,1167,-123.9653652,44.74253628
61,3518,44.74193191,-123.9651071,OC,Siletz,2017,639,352,1902,364.5,16.08206486,0.581377152,12,2.26,3.025,0.3125,6.5,1,7.25,0.625,3.531786075,35,15,40.61989852,33.0840503,7.535848224,0.423076923,0,8,8.072653885,21.84022039,2.34741784,0.402666667,0.087857143,0,98.06786054,1.86717577,95.40403531,4.561648441,0,0,0.034316249,56.87857383,94,163.21,14.71048513,25.54147105,8,1.251956182,10.20833333,0,0,0,0,0,0,0, ,1324.264069,2,1167,1233,1167,1167,-123.9653652,44.74253628
62,3519,44.72169581,-123.9577088,OC,Siletz,2001,851,3.5,5072.65,7,0.13780477,0.503525264,7.46,5.833333333,6.86,0.68,33.82,1.66,10.7,1.36,2.808660035,24,14,92.85285404,22.48186391,70.37099013,0.7,2.340550029,10,11.70275015,8.897334444,1.645123384,0.793846154,0.15,0,69.98454405,30.01545595,90.16861398,9.831386021,0,0,0,57.11917301,127,293.79,14.92361927,34.52291422,19,2.23266745,9.933333333,0,6,5,0,0,12,0, ,2057.939392,3,1273,1259,1273,1273,-123.9591802,44.72247081
63,3524,44.75781563,-123.8481506,OC,Siletz,1998,504.4,28,1519.17,53.71,3.414755099,1.491990484,6.8,2.94375,5.46,0.35,9.62,0.84,15.72,0.7,12.02103681,64,31,63.82686537,56.69981181,7.127053558,0.481724138,1.878287002,12,22.53944403,3.145456694,6.14591594,0.393,0.08,45,21.33617454,54.91217213,58.10795691,29.89295659,11.73005663,0.269029871,0,86.88120878,82,96.13,16.25693894,19.05828707,5,0.991276764,15.6,8.92149088,1,4,0,0,0,0, ,951.8376618,2,1191,1208,1191,1191,-123.8487509,44.76109351
64,3542,44.71332408,-123.7388034,OC,Siletz,2007,1229.6,14,4885.14,14.7,0.300009796,0.836369551,11,2.661904762,2.9,0.35,7.625,1.475,4.4,0.7,5.065937601,63,27,83.49374673,18.36386494,65.12988179,0.55,1.608234159,4,3.216468318,15.88250319,2.195836044,0.538888889,0.131,0,36.37518271,63.54111855,68.61427108,31.29897099,0.086757935,0,0,69.71605732,40,36.72,3.253090436,2.98633702,2,0.162654522,8.323809524,0,5,10,0,0,0,0, ,1276.690476,2,1491,1474,1491,1491,-123.7354894,44.70989484
65,3542,44.71332408,-123.7388034,OC,Siletz,2013,1219.1,9.9,2955.31,10.3,0.347314718,1.224206382,10.6,2.138135593,3.3,0.34,0,0.94,4.28,0.68,9.601301871,118,62,69.78260796,69.56140558,0.221202383,0.4875,0,0,0,6.00684262,5.085718973,0.3875,0.10952381,3,22.770971,73.56885293,48.59612925,46.01426261,3.151623508,0.362495887,1.875488747,66.08127656,18,19.08,1.476499057,1.565089,1,0.082027725,9.828571429,0.246083176,0,19,0,4,0,0, ,1276.690476,2,1491,1474,1491,1491,-123.7354894,44.70989484
66,3544,44.71776555,-123.7855806,OC,Siletz,1999,1229.4,24.6,4931.73,68.76,1.375065244,1.08404913,4.26,3.806329114,6.38,0.32,14.12,0.94,8.06,0.64,6.29984051,79,45,75.1704333,59.07741041,16.09302288,0.522894737,0.797448166,15,11.96172249,4.367816092,3.660322108,0.439318182,0.098125,5,14.7978684,44.3154802,37.70333436,26.16373502,5.522326062,0.540627019,30.06997754,70.04408116,121,112.15,9.842199447,9.122336099,6,0.488042948,20.43333333,0.406702456,6,11,0,0,2,1, ,1213.675324,2,1443,1435,1443,1443,-123.7836082,44.71874987
67,3544,44.71776555,-123.7855806,OC,Siletz,2008,1298.5,67,5325,95.95,1.769984966,0.715440893,6.428571429,3.565909091,7.071428571,0.485714286,10.71428571,1.757142857,8.214285714,0.971428571,6.444525815,88,44,77.15437331,52.98886726,24.16550605,0.490540541,0.732332479,11,8.055657268,4.38865932,3.388525221,0.460714286,0.089285714,1,16.96817746,38.16507556,40.40768507,21.80986156,7.64261448,0.237734085,29.9021048,81.96834696,87,89.7,6.700038506,6.907970735,4,0.308047747,14.70238095,0.077011937,6,17,0,1,0,1, ,1213.675324,2,1443,1435,1443,1443,-123.7836082,44.71874987
68,3559,44.72771493,-123.718636,OC,Siletz,2005,1205.1,100.2,10955.53,342.38,3.030472008,0.547215999,20,7.658695652,14.075,0.425,22.625,1.7,18.825,0.85,3.524094078,46,26,84.321879,63.83791338,20.48396562,0.897727273,5.362751858,11,8.427181491,3.566880721,2.157497303,0.683333333,0.183333333,94,11.9565044,51.0515368,28.80219951,38.29336979,16.75626026,4.4617146,11.68645584,48.65118278,83,53.47,6.887395237,4.436976185,0,0,32.9625,7.800182557,3,7,0,3,1,1, ,1263.380951,4,1457,1459,1457,1457,-123.7172565,44.73516287
69,3561,44.77774754,-123.6956275,OC,Siletz,2001,528,0,4403.6,0,0,1.413825758,2.2,8.415,11.04,0.55,16.83333333,1.566666667,13.96,1.1,3.787878788,20,3,17.20183486,17.20183486,0,0.866666667,3.787878788,2,3.787878788,15.94202899,0.568181818,0.633333333,0.307142857,928,18.15613958,22.11327268,21.29873405,18.17927344,28.58093445,28.10543367,3.835624388,87.82091751,63,51.6,11.93181818,9.772727273,0,0,20.29818182,175.7575758,0,1,0,0,0,0, ,2225.512986,3,1286,1292,1286,1286,-123.6907165,44.78582574
70,3574,44.72379223,-123.6585296,OC,Siletz,2001,1233,0,6684.9,0,0,1.838807786,7.4,5.432608696,8.24,0.4,17.8,1.64,10.18,0.8,3.730738037,46,22,54.11748867,54.11748867,0,0.668181818,1.622060016,5,4.055150041,6.801632833,1.784266018,0.569090909,0.15,72,10.43517084,39.65333403,21.65753094,29.58704728,11.13141629,2.909684869,34.71432062,68.53541498,79,46.34,6.407137064,3.758313058,3,0.243309002,20.6,5.839416058,0,1,0,0,3,3, ,1930.660172,2,1517,1516,1517,1517,-123.6595753,44.72803608
71,3578,44.68214348,-123.6717015,OC,Siletz,2011,1242.1,53.3,2355.86,62.7,2.592451707,0.620843732,10.3,1.810365854,2.88,0.37,3.9,1.025,8.4,0.74,6.330091092,82,52,85.16431265,76.6013661,8.562946547,0.429183673,0,1,0.771962328,8.649839744,4.186458417,0.375098039,0.08625,13,26.43039074,50.96226219,73.81568054,19.87363575,3.058303753,0.886203869,2.366176091,65.8944899,29,6.84,2.334755656,0.550680299,0,0,8.038095238,1.046614604,2,42,1,2,0,0, ,1706.543289,1,1571,1569,1571,1571,-123.654225,44.68389471
72,3582,44.70035843,-123.6257317,OC,Siletz,2000,547.2,24.2,1689.63,12.1,0.711041117,0.968475877,6.8,3.086,5.58,0.44,5.9,0.74,14.76,0.88,8.750437522,50,24,60.47081499,60.34741116,0.12340383,0.52173913,0,3,5.250262513,4.266726404,4.385964912,0.428695652,0.132352941,13,4.439065526,41.67437067,17.97442778,25.78147815,19.80927109,0.77744413,35.65737885,39.57113133,33,32.77,6.030701754,5.988669591,3,0.548245614,12.91555556,2.375730994,0,1,0,0,0,0, ,1807.64502,2,1565,1564,1565,1565,-123.6189294,44.70770902
73,3583,44.69646241,-123.6381608,OC,Siletz,2002,588.1,14.8,1733.3,13.43,0.768865251,0.586804965,12,2.715217391,4.98,0.37,8.46,1.01,6.66,0.74,7.629789351,46,25,67.25137829,42.40037098,24.85100731,0.614705882,0,1,1.658649859,4.842570281,4.250977725,0.53173913,0.0985,0,35.15744074,64.56669097,56.44534815,42.45766328,0,0,1.096988577,69.1201784,27,29.95,4.591055943,5.092671314,2,0.340078218,13.1984127,0,1,12,0,0,0,0, ,476.9848481,2,1561,1560,1561,1561,-123.6379057,44.69636472
74,3583,44.69646241,-123.6381608,OC,Siletz,2011,675,40,2367.06,51,2.109128806,0.611407407,10.25,3.041304348,3.7,0.35,6.025,1.0875,4.525,0.7,6.433566434,46,27,91.39351381,39.66816373,51.72535007,0.416666667,0,4,5.594405594,7.157157157,4,0.375925926,0.057142857,0,50.84758022,49.15241978,77.26125259,22.68912085,0.04962656,0,0,91.31468531,34,14.21,5.037037037,2.105185185,1,0.148148148,10.77083333,0,5,15,0,0,0,0, ,476.9848481,2,1561,1560,1561,1561,-123.6379057,44.69636472
75,3584,44.70225058,-123.6239898,OC,Siletz,2005,621,10,1182.5,2,0.168847615,1.413848631,7.6,1.945,3.66,0.36,5.82,1.06,4.86,0.72,6.339144216,40,18,54.20008442,54.20008442,0,0.427777778,0,4,6.339144216,9.578020644,2.898550725,0.36,0.122272727,0,21.84570353,39.97419543,27.66239152,35.26344671,22.28049757,0.337144465,14.45651973,80.9165346,41,77.21,6.602254428,12.4331723,5,0.805152979,10.13809524,0,0,2,0,0,0,7, ,1807.64502,2,1565,1564,1565,1565,-123.6189294,44.70770902
76,3584,44.70225058,-123.6239898,OC,Siletz,2014,609,18.5,1825.68,14.25,0.774485986,1.098850575,8.333333333,2.902027027,4.133333333,0.35,7.333333333,0.933333333,6.366666667,0.7,11.79282869,74,39,64.42853804,63.91493155,0.513606496,0.397368421,0,5,7.96812749,3.892679901,6.403940887,0.298947368,0.112666667,1,10.47504958,69.90748957,16.83860893,54.31215792,16.57895741,0.217960782,12.05231496,96.83222665,35,40.51,5.747126437,6.651888342,0,0,11.88888889,0.164203612,0,0,0,2,0,6, ,1807.64502,2,1565,1564,1565,1565,-123.6189294,44.70770902
77,3587,44.75667823,-123.7809822,OC,Siletz,2000,1011.4,20.1,3208.66,50.25,1.541926595,0.628534704,6.2,3.02037037,8.04,1.44,10.04,1.64,43.18,2.88,5.235094523,54,28,70.16333682,70.16333682,0,0.532857143,0,9,8.725157538,4.582000711,2.768439786,0.440714286,0.092173913,50,17.40370847,60.67401736,26.32045442,45.26580489,4.678488723,0.97153488,22.76371709,79.82549685,86,67.96,8.503065058,6.719398853,0,0,5.781996435,4.943642476,0,10,0,3,6,5, ,1106.101731,2,1268,1266,1268,1268,-123.7750366,44.75462671
78,3597,44.76631916,-123.7594767,OC,Siletz,2014,1111.4,275.5,5714.98,545.7,8.716305577,1.441785136,20,4.028571429,7.8,0.45,17.8,1.666666667,12.13333333,0.9,6.561395919,91,42,45.69487659,44.30317474,1.39170186,0.558571429,0.721032519,11,7.931357704,4.233516484,3.779017455,0.438,0.151904762,117,24.96499021,31.11097362,26.84159619,29.82338203,28.31470167,4.188541227,10.83177889,94.93394541,189,641.11,17.00557855,57.68490193,53,4.768760122,17.57222222,10.52726291,0,0,0,0,6,8, ,909.411255,3,1231,1230,1231,1231,-123.7514518,44.77007162
79,3597,44.76631916,-123.7594767,OC,Siletz,2015,1158.4,139.4,5711.05,267.04,4.466978583,1.89148826,17,4.123684211,7.6,0.53,11.74,1.33,10.52,1.06,5.856064108,76,36,48.02470354,46.23416509,1.79053845,0.596551724,0.770534751,11,8.475882262,4.743421053,3.107734807,0.485517241,0.115,95,15.55597261,40.57836165,18.84332621,42.31108933,27.56053355,5.319934963,5.965115948,89.81353059,180,504.76,15.53867403,43.57389503,53,4.575276243,14.42969697,8.200966851,0,0,0,0,9,12, ,909.411255,3,1231,1230,1231,1231,-123.7514518,44.77007162
80,3597,44.76631916,-123.7594767,OC,Siletz,2016,1104.2,169.8,5911.6,361.36,5.760597868,2.05098714,19.4,4.53125,9.88,0.34,13.68,1.03,12.06,0.68,5.023547881,64,30,40.79366041,39.97761822,0.816042187,0.625,0.784929356,10,7.849293564,4.298245614,2.716899112,0.528076923,0.152272727,85,11.68363882,41.33429365,18.03100739,38.95845517,30.02184432,4.095631621,8.893061497,92.26691959,145,494.44,13.13167904,44.77811991,48,4.34703858,29.63333333,7.697880819,0,0,0,0,1,0, ,909.411255,3,1231,1230,1231,1231,-123.7514518,44.77007162
81,3597,44.76631916,-123.7594767,OC,Siletz,2017,1131,149.1,6503.7,269.29,3.975939725,1.245269673,18.8,5.277586207,8,0.37,14.9,1.28,11.42,0.74,4.530896024,58,25,52.6591653,52.38085395,0.278311351,0.7,1.562377939,14,10.93664557,6.4005,2.210433245,0.562608696,0.131764706,172,6.313311697,59.1539498,15.50244596,47.93818653,20.95989711,6.026860595,9.572609804,93.40003819,199,456.37,17.59504863,40.3510168,30,2.652519894,21.78571429,15.20778073,0,0,0,0,5,0, ,909.411255,3,1231,1230,1231,1231,-123.7514518,44.77007162
82,3601,44.80043163,-123.82088,OC,Siletz,2005,1076,114,2759.7,165.6,5.66095785,11.79182156,1.54,2.454285714,7.12,0.44,8.5,1.8,10.3,0.88,5.882352941,70,16,10.95614125,10.95614125,0,0.489375,0,3,2.521008403,10.44592697,1.486988848,0.4225,0.096,535,13.87844748,50.27240289,8.502154363,31.1209819,29.37838992,19.43388124,11.56459258,94.50046685,222,410.9,20.63197026,38.18773234,13,1.208178439,17.07,49.72118959,0,0,0,2,5,0, ,918.8225099,2,982,1036,982,982,-123.8229366,44.80207983
83,3607,44.83608857,-123.8093912,OC,Siletz,2004,424.2,56.1,725.91,68.26,8.595137061,10.89486091,3.125,1.84,3,0.5,6.233333333,1.316666667,6.775,1,6.24609619,30,6,3.732198396,3.732198396,0,0.45,0,1,2.082032063,26.68333333,1.414427157,0.316666667,0,331,11.56876681,38.46704851,9.829030848,28.56496512,33.3187374,26.79406349,1.493203147,74.58532861,102,153.22,24.04526167,36.11975483,4,0.942951438,6.008333333,78.02923149,0,0,0,1,5,1, ,915.1828996,1,807,839,807,807,-123.8066456,44.8417282
84,3616,44.80657793,-123.7410984,OC,Siletz,1999,1018.3,212.1,6727.59,375.56,5.287231721,3.447215948,2.26,4.745454545,12.38,0.49,30.76666667,1.633333333,18.64,0.98,4.470091027,55,22,30.56306005,30.48914918,0.073910871,0.598571429,2.438231469,8,6.501950585,4.517550301,2.160463518,0.415714286,0.166666667,1661,8.829167943,17.72048847,4.63987676,14.05574323,29.39739532,36.37773382,15.52925087,82.38829288,174,213.13,17.08730237,20.92998134,6,0.589217323,26.85209235,163.1149956,0,5,0,1,7,0, ,956.1017306,4,1059,1015,1059,1059,-123.732376,44.80368228
85,3618,44.81587043,-123.7072651,OC,Siletz,2006,1159.3,31.3,6076.73,93.74,1.519171149,0.894850341,10.7,4.696590909,6.84,0.34,13.46,1.14,9.56,0.68,7.391231312,88,42,70.077644,59.43501873,10.64262528,0.591666667,0.839912649,13,10.91886444,4.14438875,3.622875873,0.50804878,0.11875,46,28.20782765,55.06414245,42.17537623,41.11771254,14.46909804,0.171372683,2.066440497,74.67668029,104,357.95,8.970930734,30.87639093,43,3.709134823,20.16190476,3.967911671,5,19,0,0,10,7, ,1593.380951,2,1049,1088,1049,1049,-123.7029776,44.81950889
86,3622,44.8026015,-123.7045514,OC,Siletz,2008,1305.1,83.6,4134,88.5,2.095914742,0.929200828,15,2.463274336,4.883333333,0.358333333,9.733333333,1.15,5.866666667,0.716666667,8.137106647,113,58,79.67365305,78.50846655,1.165186501,0.728,7.200979333,19,13.68186073,4.903024597,4.4441039,0.678198,0.081212121,0,25.59086342,71.07783782,49.36764578,48.85733516,0.62348597,0,1.151533093,80.34812735,161,148.73,12.33621945,11.3960616,3,0.229867443,13.9223545,0,0,3,0,0,2,4, ,1026.396103,2,1101,1116,1101,1101,-123.7012666,44.80890045
87,3622,44.8026015,-123.7045514,OC,Siletz,2017,1499.3,27.8,4160.69,23.83,0.569479893,0.631828186,15.6,2.340458015,5.6,0.39,7.96,1.07,7.06,0.78,8.578351123,131,71,80.98706662,80.67663675,0.31042987,0.623846154,3.274179818,5,3.274179818,3.840794769,4.735543254,0.576153846,0.08075,0,15.80993322,83.6113083,48.04708406,51.18385521,0,0,0.769060729,91.09768697,72,130.96,4.802241046,8.73474288,7,0.466884546,14.74920635,0,0,0,0,3,4,0, ,1026.396103,2,1101,1116,1101,1101,-123.7012666,44.80890045
88,3625,44.84688466,-123.7588526,OC,Siletz,2006,962.3,30,27835.3,83.2,0.29801028,0.987737712,1,26.20869565,33.18,1.14,0,0,38.36,2.28,2.317847425,23,10,74.87078461,74.87078461,0,1.84,10.0775975,0,0,2.990657022,1.039176972,1.34,0.45,488,2.927031509,9.568822554,8.169327949,13.95589473,27.70303794,26.87334036,23.29839902,56.52586023,6,7.62,0.623506183,0.791852853,0,0,29.78194805,50.71183623,0,0,0,0,0,0, ,489.411255,5,803,798,803,803,-123.7554448,44.84688382
89,3646,44.87763974,-123.7004759,OC,Siletz,2006,950.4,112.7,12808.8,316.75,2.413232207,1.270570286,1.74,11.23,26.76,0.84,38.33333333,2.966666667,32.76,1.68,2.821935848,30,13,35.76688215,34.44122342,1.325658734,0.986666667,4.703226413,2,1.881290565,3.055938829,1.367845118,0.721111111,0.2875,615,5.335965114,22.40830435,7.197698257,21.61466826,33.06761918,25.1293448,12.9906695,76.39293889,34,47.51,3.577441077,4.998947811,1,0.105218855,32.77059829,64.70959596,0,1,0,0,0,0, ,1386.396103,3,693,656,693,693,-123.7000678,44.87640174
90,3646,44.87763974,-123.7004759,OC,Siletz,2015,969.2,274.9,11803.47,1945.41,14.14958891,1.075165085,4.5,9.794444444,23.84,0.64,38.15,2.025,33.82,1.28,2.893658066,36,13,32.34699845,31.21948842,1.127510023,0.931818182,3.215175629,2,1.607587814,4.014261745,1.341312423,0.685445455,0.303333333,654,1.079730739,15.51827873,3.578014234,16.36454736,40.06002028,24.66732752,15.3300906,81.54131947,24,42.31,2.476269088,4.365456046,2,0.206355757,37.77289377,67.47833265,0,0,0,1,0,0, ,1386.396103,3,693,656,693,693,-123.7000678,44.87640174
91,3651,44.85983479,-123.6943314,OC,Siletz,2005,503.3,22,1442.56,39.6,2.671776326,7.056427578,1,3.139285714,6.1,0.43,0,0,10.04,0.86,5.330287455,28,4,7.868246343,7.868246343,0,0.6625,0,3,5.711022273,21.52868852,0.79475462,0.575,0.2,212,26.03502126,31.39202984,13.40746688,31.72628311,39.63036679,11.25861355,3.97726966,74.35380841,211,183.65,41.92330618,36.48917147,8,1.589509239,14.41111111,42.12199483,0,2,0,0,5,0, ,1796.101731,2,828,786,828,828,-123.6979187,44.85350436
92,3655,44.88335943,-123.655922,OC,Siletz,2000,1000,253,5190.62,810.7,13.50869475,10.3952,1.12,4.861818182,8.36,0.72,16.43333333,1.566666667,16.06,1.44,4.389465283,55,19,12.33128712,12.18465271,0.146634407,0.616666667,0.798084597,4,3.192338388,7.888441199,1.9,0.505555556,0,1549,0,0,9.056000272,10.37364644,17.28912425,54.2432209,9.038008135,81.23658774,191,379.56,19.1,37.956,24,2.4,12,154.9,0,0,0,0,5,0, ,469.7056275,2,714,749,714,714,-123.6539127,44.8836744
93,3655,44.88335943,-123.655922,OC,Siletz,2003,1021.9,185.6,5966.75,603.77,9.189074837,12.12525687,1.364,5.177586207,11.26,0.57,0,0,14.5,1.14,4.803312629,58,17,9.947310106,9.947310106,0,0.682352941,0.82815735,4,3.3126294,6.308118274,1.663567864,0.561764706,0.15,2317,15,21.8932164,11.46663222,11.1976922,14.12479412,54.05525219,9.155629273,89.64297216,204,364.32,19.96281437,35.65123789,16,1.565710931,19.42222222,226.7345141,0,0,0,0,7,0, ,469.7056275,2,714,749,714,714,-123.6539127,44.8836744
94,3655,44.88335943,-123.655922,OC,Siletz,2006,970.2,261.3,2556.15,287.36,10.10581992,11.52325294,1.36,2.508333333,13.22,0.55,17,1.25,15.02,1.1,3.897685749,48,11,13.3285974,13.3285974,0,0.618181818,0,3,2.436053593,8.468573786,1.133786848,0.521818182,0,1885,16.66666667,19.60784314,8.226607864,14.96965667,26.21369224,44.62793717,5.962106045,88.1792755,274,432.64,28.24159967,44.59286745,18,1.85528757,23.96,194.2898371,0,0,0,2,2,0, ,469.7056275,2,714,749,714,714,-123.6539127,44.8836744
95,3655,44.88335943,-123.655922,OC,Siletz,2009,963.9,274,4421.88,457.7,9.379905648,11.19089117,3,4.033333333,7.94,0.56,18,1.9,12.26,1.12,4.119880443,51,14,8.444169375,8.444169375,0,0.628571429,0.807819695,3,2.423459084,11.13620007,1.452432825,0.53,0.25,1531,10,30,5.602480164,16.33976275,19.43966789,51.76498718,6.853102018,95.51390796,189,258.9,19.60784314,26.85963274,7,0.726216412,14.28333333,158.8339039,0,0,0,0,1,0, ,469.7056275,2,714,749,714,714,-123.6539127,44.8836744
96,3655,44.88335943,-123.655922,OC,Siletz,2012,996.4,188.5,4323.18,419.41,8.843480039,11.88650141,1.34,3.779452055,9.62,0.49,14.8,1.3,12.48,0.96,6.160857456,73,26,16.86715487,16.82582724,0.041327629,0.686,3.375812305,4,3.375812305,4.737326083,2.609393818,0.5368,0,1028,0,10,4.704036616,13.92650604,33.43403653,41.99620407,5.939216731,71.64598982,158,314.5,15.85708551,31.56362906,15,1.50541951,19.89454545,103.1714171,0,0,0,2,4,0, ,469.7056275,2,714,749,714,714,-123.6539127,44.8836744
97,3655,44.88335943,-123.655922,OC,Siletz,2015,926.5,255.1,4013.6,392.17,8.901281728,10.35072855,2,3.1875,9.16,0.44,15.4,1.5,13.72,0.88,4.739336493,56,20,10.45469918,10.45469918,0,0.5725,0,2,1.692620176,6.449781659,2.15866163,0.484,0.05,1413,5,70,2.717591296,14.25683708,35.01655075,40.38460608,7.624414791,98.45007711,102,186.92,11.00917431,20.17485159,14,1.511063141,21.24777778,152.5094441,0,0,0,1,2,0, ,469.7056275,2,714,749,714,714,-123.6539127,44.8836744
98,3670,44.82251328,-123.6332436,OC,Siletz,2002,1021.9,30,7044.82,38.58,0.544653697,0.682160681,46,6.196875,10.08,0.62,14.04,1.98,11.58,1.24,3.042114269,32,19,68.13465285,67.96270153,0.171951323,0.9,6.654624964,15,14.25991064,5.492376775,1.85928173,0.733333333,0.3,0,62.07283679,36.95876749,76.72115755,22.48388077,0.306778041,0,0.488183641,94.37763412,214,216.23,20.9413837,21.15960466,13,1.272140131,16.70197802,0,0,1,0,0,5,0, ,392.1320344,3,1076,1061,1076,1076,-123.6332809,44.82166151
99,3676,44.83717486,-123.5912468,OC,Siletz,1998,507.4,10.4,784.57,18.64,2.320688238,10.2265471,1,1.812121212,4.16,0.32,0,0,5.4,0.64,6.373117034,33,5,4.632661446,4.632661446,0,0.46,0,2,3.862495172,24.89423077,0.985415845,0.396,0.058333333,57,7.788098171,54.36709403,13.12087673,39.14604565,24.31881906,3.069085042,20.34517352,95.84352603,164,228.72,32.32163973,45.07686244,2,0.394166338,12.90238095,11.23374064,0,0,0,1,0,0, ,2457.975106,1,1113,1112,1113,1113,-123.5904341,44.8390444
100,3676,44.83717486,-123.5912468,OC,Siletz,2016,501.6,4,552.55,3.6,0.647307381,11.92364434,1,1.096,3.18,0.25,0,0,3.64,0.5,4.944620253,25,0,0,0,0,0,0,0,0,0,0,0,0,106,0,0,14.86794766,43.66371074,27.86929622,3.953789445,9.64525594,94.76969058,206,212.42,41.06858054,42.34848485,8,1.594896332,13.35333333,21.1323764,0,0,0,0,2,0, ,2457.975106,1,1113,1112,1113,1113,-123.5904341,44.8390444
101,3678,44.83049097,-123.5874254,OC,Siletz,1999,529,34.2,1120.51,48.32,4.134048578,2.157863894,14.5,2.02972973,3.36,0.44,5.78,1.2,13.1,0.88,13.13920455,74,37,43.53584354,42.90273179,0.633111744,0.381944444,0,8,14.20454545,4.53024453,6.994328922,0.324,0.071333333,2,17.9289899,69.89896346,43.22068259,48.57944754,7.444366894,0,0.755502978,96.59732086,95,89.34,17.9584121,16.88846881,3,0.56710775,7.723333333,0.378071834,0,0,0,0,6,0, ,1128.82251,2,1091,1128,1091,1091,-123.5843755,44.83737447
102,3678,44.83049097,-123.5874254,OC,Siletz,2002,544,3,1073.28,6,0.555926173,2.403308824,14.3,2.063414634,4.4,0.46,15.76,1.36,9.6,0.92,7.495429616,41,19,35.69138685,35.13546068,0.555926173,0.472777778,1.828153565,7,12.79707495,6.543062201,3.492647059,0.438235294,0.044545455,4,5.542287011,82.97185421,9.168057837,81.10465565,8.887004104,0.263509006,0.576773404,89.82124721,52,141.56,9.558823529,26.02205882,8,1.470588235,9.786666667,0.735294118,0,11,0,2,9,0, ,1128.82251,2,1091,1128,1091,1091,-123.5843755,44.83737447
103,3678,44.83049097,-123.5874254,OC,Siletz,2005,508.3,11.3,1141.75,9.92,0.861357854,4.359039937,12.54,2.095918367,3.56,0.4,8.4,1.16,7.12,0.8,9.430331024,49,21,16.36666753,16.16608924,0.200578291,0.345,0,0,0,6.95024077,4.131418454,0.28,0.05,168,7.926453201,64.0713931,10.73418645,64.26458912,19.84093057,4.837561293,0.322732567,80.2035754,60,57.75,11.80405272,11.36140075,2,0.393468424,8.834285714,33.05134763,0,0,0,0,0,0, ,1128.82251,2,1091,1128,1091,1091,-123.5843755,44.83737447
104,3678,44.83049097,-123.5874254,OC,Siletz,2008,648.1,34.8,987.095,17.72,1.763508706,2.286992748,5.4,1.604597701,4.42,0.54,9,1.7,7.44,1.08,12.73978621,87,40,44.12653075,44.12653075,0,0.33125,0,6,8.786059452,3.862556561,6.171887054,0.29224,0.0645,51,21.97231994,58.78837959,34.2116595,51.4785741,13.27044697,1.039319431,0,98.29810774,101,94.01,15.58401481,14.50547755,0,0,8.43,7.869155994,0,0,0,0,0,0, ,1128.82251,2,1091,1128,1091,1091,-123.5843755,44.83737447
105,3678,44.83049097,-123.5874254,OC,Siletz,2011,526.8,4.6,1079.95,7.76,0.713425453,3.33428246,7.9,2.132727273,3.58,0.38,6.06,1.65,5.22,0.76,10.35001882,55,25,39.71462982,39.00120437,0.713425453,0.363043478,0,4,7.527286413,5.937430168,4.745634017,0.299130435,0.068888889,0,4.304213975,53.60263797,13.22812468,50.49868495,35.20006427,0.490939681,0.582186428,79.0338937,82,46.21,15.56567957,8.771829916,1,0.189825361,9.566666667,0,0,4,0,0,1,0, ,1128.82251,2,1091,1128,1091,1091,-123.5843755,44.83737447
106,3678,44.83049097,-123.5874254,OC,Siletz,2014,552.5,19.7,1123.78,48.79,4.160945615,2.421538462,13,2.081355932,3.833333333,0.35,7.4,1.183333333,5.166666667,0.7,10.31108004,59,24,28.80595615,28.80595615,0,0.38125,0,3,5.242922055,6.219565217,4.343891403,0.32875,0.076153846,0,15.30296329,70.32006487,20.26569842,67.46646256,12.1724929,0.09534612,0,99.46065867,63,79.84,11.40271493,14.45067873,3,0.542986425,10.95238095,0,0,0,0,0,5,0, ,1128.82251,2,1091,1128,1091,1091,-123.5843755,44.83737447
107,3678,44.83049097,-123.5874254,OC,Siletz,2017,527.6,23.3,1260.33,37.84,2.914872474,2.127937832,13.6,2.30877193,3.48,0.31,6.96,1.16,4.56,0.62,10.34670539,57,24,21.88850459,21.14746143,0.741043161,0.388095238,0,0,0,6.596024904,4.548900682,0.307619048,0.104090909,2,10.25452834,58.18463194,15.15580174,56.35164629,27.85469252,0.553741035,0.084118413,95.02884169,38,33.35,7.20242608,6.321076573,0,0,11.25714286,0.379075057,0,0,0,0,3,0, ,1128.82251,2,1091,1128,1091,1091,-123.5843755,44.83737447
108,3685,44.92129279,-123.6961971,OC,Siletz,2003,948.4,171.8,13225.86,976.44,6.875224435,3.175980599,1.36,11.29210526,19.26,0.74,0,0,26.34,1.48,3.392251384,38,11,18.17473226,18.17473226,0,1.527272727,8.926977325,4,3.57079093,5.287453979,1.159848165,1.305454545,0.3575,623,11.18638425,28.21982676,11.39499878,26.12890471,27.46167097,26.57154435,8.442881192,70.11233113,42,152.06,4.428511177,16.03331927,6,0.632644454,26.54061086,65.68958245,0,0,0,0,2,0, ,242.1320344,3,422,457,422,422,-123.6952213,44.92217431
109,3698,44.92909034,-123.6271252,OC,Siletz,1998,983.4,104.4,4075.94,158.02,3.732203422,3.203376042,1.64,4.121311475,8.58,0.44,0,0,18.24,0.88,5.607648465,61,19,23.87197801,23.87197801,0,0.628947368,2.757859901,2,1.838573267,6.672800883,1.932072402,0.461764706,0.168125,958,7.279474252,25.23656611,11.64901468,24.10579846,28.02748837,23.97802642,12.23967207,76.0165778,77,138.36,7.829977629,14.06955461,9,0.91519219,20.00606061,97.41712426,0,0,0,0,3,0, ,1980.365799,2,549,450,549,549,-123.6136147,44.91894635
110,3698,44.92909034,-123.6271252,OC,Siletz,2001,528,0,2681,0,0,4.753787879,1,5.078947368,11.75,0.5,0,0,15,1,3.598484848,19,5,16.33718762,16.33718762,0,0.83,0,1,1.893939394,8.987234043,0.946969697,0.696,0.23,563,9.039737747,19.20724394,7.541917024,15.22365071,18.55867948,44.69725086,13.97850192,95.24410774,55,133.64,10.41666667,25.31060606,9,1.704545455,23.5,106.6287879,0,0,0,0,1,0, ,1980.365799,2,549,450,549,549,-123.6136147,44.91894635
111,3702,44.95701333,-123.698589,OC,Siletz,2013,864,45.2,8425.25,136.88,1.598667621,3.921585648,1.1,8.534375,15.82,0.93,0,0,18.06,1.86,3.519577651,32,5,15.80506253,15.80506253,0,1.43,5.499340079,0,0,11.494311,0.578703704,1.07,0.533333333,1555,9.322435981,15.50695437,9.078220516,14.13500594,25.7972335,31.58685052,19.40268952,75.99599159,65,109.39,7.523148148,12.66087963,5,0.578703704,17.27876161,179.9768519,0,0,0,2,0,0, ,1416.396103,3,258,291,258,258,-123.6999243,44.95860481
112,3704,44.9421061,-123.702075,OC,Siletz,2001,966.5,0,8417.65,0,0,3.476461459,1.96,8.526923077,14.14,0.76,20.5,1.975,18.64,1.52,2.690118986,26,8,18.25390697,18.25390697,0,1.1375,6.207966891,3,3.103983445,8.544024045,0.827728919,0.85,0,4810,0,5,0.108106182,6.617464494,12.45157496,66.55075942,14.27209494,71.66465483,176,244.67,18.21003621,25.31505432,13,1.345059493,18.99166667,497.6720124,0,0,0,2,1,0, ,1518.82251,3,291,308,291,291,-123.6943451,44.94825107
113,3704,44.9421061,-123.702075,OC,Siletz,2010,1048.8,137.2,11745.22,424.2,3.485786504,4.741323417,1.6,9.211428571,16.38,0.96,0,0,21.98,1.92,2.951096121,35,8,9.254261912,8.859091066,0.395170846,1.08,2.529510961,2,1.686340641,9.050671551,0.762776506,0.71,0.316666667,3914,1.702502929,15.21261938,1.962563306,14.33198576,25.72572812,46.1369876,11.84273522,82.82907064,179,221.96,17.06712433,21.16323417,2,0.190694127,17.32,373.1884058,0,1,0,0,1,0, ,1518.82251,3,291,308,291,291,-123.6943451,44.94825107
114,3718,44.89238421,-123.9547803,OC,Siletz,2000,1058.3,0,22591.46,0,0,0.647973165,1.42,20.428,32,1.38,36.1,2.26,39.4,2.76,2.362279127,25,10,48.97085005,48.97085005,0,0.894,2.834734952,4,3.779646603,3.3071875,0.944911651,0.546,0.28,609,9.311618536,40.59949337,12.25912666,34.99382081,18.81615611,12.45235454,21.47854187,65.8973511,69,237.34,6.51989039,22.42653312,10,0.944911651,23.37128205,57.54511953,0,2,0,2,0,0, ,3274.629868,4,266,190,266,266,-123.9481961,44.89658876
115,3718,44.89238421,-123.9547803,OC,Siletz,2003,1074.1,10.5,15305.85,35.05,0.228474209,0.751000838,1.32,13.004,27.08,0.98,43.5,3.15,31.9,1.96,2.304997234,25,10,46.83851665,46.62177578,0.216740869,1.138888889,2.765996681,3,2.765996681,4.005169867,0.93101201,0.877777778,0.418181818,156,10.28616189,38.98576123,11.61135431,48.3882519,20.74869481,8.939696158,10.31200282,74.36510132,41,107.08,3.817149241,9.969276604,5,0.465506005,28.28545455,14.52378736,0,0,0,1,1,0, ,3274.629868,4,266,190,266,266,-123.9481961,44.89658876
116,3718,44.89238421,-123.9547803,OC,Siletz,2006,1039.3,72.5,15772.5,458.4,2.824242648,0.687626287,1.2,13.34482759,28.02,1.01,47,3.8,33.5,2.02,2.608382803,29,12,35.3449285,35.10834273,0.236585772,1.166666667,3.597769383,3,2.698327037,3.306566738,1.154623304,0.864444444,0.292857143,283,11.5072159,24.14069747,12.85596687,23.38969775,27.30346094,12.75209737,23.69877708,67.7427495,85,266.09,8.178581738,25.60280958,17,1.635716348,28.11989305,27.22986626,0,1,0,3,0,0, ,3274.629868,4,266,190,266,266,-123.9481961,44.89658876
117,3719,44.90877802,-123.97751,OC,Siletz,2008,1017,136,13283,447.5,3.259167547,0.164208456,13,9.074074074,18.5,0.6625,32.25,2.8125,26.125,1.325,2.341717259,27,15,87.97203307,87.70984305,0.262190015,1.380769231,8.673026886,8,6.938421509,4.154954955,1.474926254,1.107692308,0.27,149,25.99767413,71.4020994,64.18194808,34.09394449,0.642088087,0.46889008,0.613129269,43.62291606,138,112.65,13.56932153,11.07669617,4,0.393313668,28.02197802,14.65093412,0,2,0,0,1,0, ,1810.660172,4,159,131,159,159,-123.9644464,44.90577402
118,3719,44.90877802,-123.97751,OC,Siletz,2011,1022.2,24,15966.59,63,0.393023153,0.190275876,9.25,11.46111111,23.1,1,36.575,3.05,33.575,2,1.72051233,18,12,96.10969463,95.89633921,0.213355426,1.69,8.602561652,7,6.690881285,3.774170274,1.173938564,1.475,0.2,257,19.36016381,74.11166165,54.89137811,40.9725404,1.322543704,2.672798066,0.140739719,39.11165275,93,69.09,9.09802387,6.758951282,0,0,23.1,25.14185091,0,12,0,1,0,0, ,1810.660172,4,159,131,159,159,-123.9644464,44.90577402
119,3724,44.9140341,-123.9057195,OC,Siletz,1999,1001.3,58.3,4307.32,168.7,3.768973329,3.01854589,1.76,4.001666667,8.74,0.51,12.5,1.1,10.62,1.02,5.662514156,60,28,27.66296844,24.11740788,3.545560565,0.67173913,0.943752359,4,3.775009438,4.329846355,2.796364726,0.524782609,0.117272727,138,7.86132491,26.56182544,14.43678958,29.08937318,40.83913789,5.942740589,9.691958761,67.63060484,120,215.37,11.98442025,21.50903825,14,1.398182363,17.09454545,13.78208329,0,1,0,1,6,0, ,801.8376618,3,191,199,191,191,-123.9004874,44.9161094
120,3724,44.9140341,-123.9057195,OC,Siletz,2017,988.7,96,4971.6,221.1,4.257900514,2.435521392,1.6,4.644067797,9.06,0.39,14.7,1.1,11.86,0.78,5.43929197,59,20,29.43940532,29.43940532,0,0.7425,2.76574168,9,8.297225039,5.986203091,2.022858299,0.566,0.213076923,293,7.476100141,45.5246409,11.2335819,38.75157518,28.19377896,6.680593791,15.14047016,81.63342655,129,315.17,13.04743603,31.8772125,14,1.416000809,24.45714286,29.63487408,0,0,0,0,1,0, ,801.8376618,3,191,199,191,191,-123.9004874,44.9161094
121,3725,44.89854225,-123.89021,OC,Siletz,2000,997.8,3.5,3506.62,9.8,0.278692534,3.059330527,2.48,3.895833333,7,0.46,9.225,1.225,9.08,0.92,4.793768101,48,17,20.94488144,20.66618891,0.278692534,0.638125,0,3,2.996105063,8.414285714,1.703748246,0.54625,0.119047619,513,16.58665593,47.35260646,20.15024096,44.98060924,17.24948013,10.29755386,7.322115802,84.99839098,167,434.59,16.73682101,43.55482061,22,2.204850671,15.45333333,51.41310884,0,14,0,12,8,0, ,1666.690476,2,355,313,355,355,-123.8835025,44.8893362
122,3726,44.90860525,-123.861873,OC,Siletz,2014,756.3,258.6,8408.52,1488.79,15.0423701,0.99404998,2.166666667,7.641463415,17,0.65,22,2.1,21.86666667,1.3,4.039806878,41,16,59.75411501,58.36990051,1.384214499,1.053846154,4.926593753,3,2.955956252,3.73125,2.115562607,0.773076923,0.3,272,17.52192684,25.8840427,19.83512187,23.17436253,28.3135165,8.294774035,20.38222507,72.6327717,50,143.44,6.611133148,18.96601878,8,1.057781304,27,35.96456433,0,0,0,2,0,0, ,596.9848481,4,288,287,288,288,-123.8601632,44.91009711
123,3728,44.9021158,-123.8408679,OC,Siletz,1998,1064.3,10,10206.83,13,0.127203681,0.993939679,2.98,9.21025641,12.84,0.4,28.4,2.766666667,21.82,0.8,3.630270874,39,16,35.52123665,34.5525317,0.968704959,0.8,4.654193428,5,4.654193428,5.229264019,1.503335526,0.578125,0.146428571,142,16.15388422,21.01511574,19.69144248,19.31754828,36.39042069,11.47693545,13.1236531,87.10736707,67,134.14,6.295217514,12.60358921,5,0.469792352,33.43777778,13.34210279,0,8,0,0,0,0, ,1066.690476,3,356,323,356,356,-123.8383817,44.89814267
124,3731,44.89609014,-123.8255886,OC,Siletz,1999,1102.7,78.8,6824.29,209.25,2.975031065,5.397750975,3.1,5.370149254,8.56,0.44,12.7,2.15,14.36,0.88,5.670757512,67,27,22.73691484,20.39968494,2.337229901,0.622,1.692763436,5,4.231908591,5.112062998,2.448535413,0.418,0.25,1274,22.3017249,7.423617498,23.61493369,5.872772141,21.10978473,38.80016029,10.60234915,91.77951756,161,161.92,14.60052598,14.68395756,4,0.362745987,19.33888889,115.5345969,0,0,0,0,3,0, ,1351.248917,3,396,356,396,396,-123.824421,44.89521349
125,3732,44.89075587,-123.8149766,OC,Siletz,2000,380.5,94.6,1392.02,324.41,18.90027557,1.676478318,2.475,3.648275862,11.3,0.4875,14.55,0.8,29.15,0.975,6.10397811,29,11,45.44607121,45.44607121,0,0.669090909,4.209640076,4,8.419280152,3.822204344,2.890932983,0.549090909,0.098888889,166,15.52928881,60.08294763,23.37151898,60.19483217,8.597456103,6.247654173,1.588538573,91.2363479,90,165.07,23.65308804,43.38239159,3,0.788436268,23.44642857,43.62680683,0,4,0,8,5,0, ,844.2640687,2,455,443,455,455,-123.8078724,44.89086514
126,3741,44.92986733,-123.8282511,OC,Siletz,1998,524,0,636.96,0,0,3.500667939,1,1.284375,2.775,0.225,0,0,3.25,0.45,6.106870229,32,10,13.22218036,13.22218036,0,0.365,0,3,5.72519084,18.88288288,1.908396947,0.348,0.024444444,0,18.48495772,67.48664547,40.1963333,44.23142402,9.799194199,0.391663031,5.381385444,87.66433418,105,171.55,20.03816794,32.73854962,7,1.335877863,11.925,0,0,5,0,0,0,0, ,701.9848481,1,203,202,203,203,-123.8257999,44.93067224
127,3745,44.94665617,-123.808948,OC,Siletz,2003,535.7,15.8,1672.01,15.01,0.889734562,7.010677618,2.46,3.127,4.78,0.7,9.75,2.3,7.32,1.4,9.066183137,50,12,12.53630662,8.473521357,4.062785266,0.522222222,0,3,5.439709882,9.614714086,2.240059735,0.4825,0.175,448,5.901901494,24.89881956,10.7098808,19.31016694,22.42464739,23.11217875,24.44312613,79.1649038,171,212.42,31.92085122,39.65279074,4,0.746686578,7.039285714,83.62889677,0,7,0,1,5,0, ,3009.777054,2,155,164,155,155,-123.7960801,44.94911902
128,3748,44.96532486,-123.9441843,OC,Siletz,2002,515,0,1988.87,0,0,3.882330097,1.24,4.188571429,11.52,0.52,0,0,13.16,1.04,6.796116505,35,9,19.59806322,19.59806322,0,0.622222222,0,2,3.883495146,4.96720679,1.747572816,0.508888889,0.12125,28,10.04492542,69.38113611,8.514256271,50.74440373,10.92661832,4.873891871,24.94082981,88.13969795,121,569.41,23.49514563,110.5650485,31,6.019417476,22.52666667,5.436893204,0,4,0,1,7,0, ,2458.233765,2,6,9,6,6,-123.9341096,44.97339902
129,3748,44.96532486,-123.9441843,OC,Siletz,2011,498.6,85.2,2197.51,219.07,9.065290617,4.176494184,1.5,3.6671875,7.68,0.4,0,0,11.34,0.8,10.96265844,64,26,38.4245504,38.28799378,0.136556621,0.492,1.712915382,6,10.27749229,2.923677885,5.214600882,0.3408,0,75,23.33415756,38.76646813,27.66442093,34.43161886,15.11625424,5.656985117,17.13072085,78.85691447,194,295.78,38.90894505,59.32210189,7,1.403931007,19.4984127,15.04211793,0,4,0,1,19,0, ,2458.233765,2,6,9,6,6,-123.9341096,44.97339902
130,3757,44.93953472,-123.8949796,OC,Siletz,1998,1036.1,145,4852.31,409.5,7.782493096,2.756297655,1.74,4.6984375,8.94,0.38,12.8,0.94,13.74,0.76,5.418677504,64,27,28.40239385,27.71821864,0.684175217,0.638461538,1.69333672,10,8.4666836,4.893114591,2.605926069,0.521538462,0.0875,385,18.28958902,32.69899685,21.24300441,28.59805414,29.78264709,11.24601582,9.130278537,81.29403851,205,361.8,19.78573497,34.91940932,20,1.930315607,25.98333333,37.15857543,0,3,0,0,1,0, ,1233.380951,2,89,78,89,89,-123.8909715,44.94039256
131,35005,44.83833,-123.5949485,OC,Siletz,2015,513,0,707.02,0,0,6.970565302,16.5,1.556862745,2.4,0.37,4.24,1.06,2.96,0.74,9.941520468,51,18,16.92172782,16.92172782,0,0.333333333,0,1,1.949317739,11.875,3.50877193,0.301111111,0.05,67,10.0904435,58.733791,20.16755637,43.95739582,26.22175839,7.509413847,2.143875572,95.22904483,65,135.21,12.6705653,26.35672515,5,0.974658869,6.507142857,13.06042885,0,0,0,0,1,0, ,1699.446968,1,1028,1025,1028,1028,-123.5894035,44.84601311
132,35005,44.83833,-123.5949485,OC,Siletz,2016,527.3,0,845.97,0,0,5.974587521,16,1.634,3.18,0.35,5.76,1.02,4.24,0.7,9.482268159,50,14,9.81831507,9.81831507,0,0.353571429,0,1,1.896453632,11.844115,2.655035084,0.282857143,0.07,60,18.27715356,36.47565543,17.28591844,33.01278614,39.55494965,9.539941293,0.606404482,97.32073245,46,78.41,8.723686706,14.87009293,2,0.379290726,9.085714286,11.37872179,0,0,0,1,2,0, ,1699.446968,1,1028,1025,1028,1028,-123.5894035,44.84601311
133,35005,44.83833,-123.5949485,OC,Siletz,2017,523.6,0,987.47,0,0,5.398777693,14.5,1.854545455,3.34,0.38,6.26,1.1,4.58,0.76,8.403361345,44,11,8.885333225,8.885333225,0,0.359090909,0,0,0,14.25149701,2.100840336,0.288181818,0.1,122,13.83594139,48.57028649,15.17529646,41.71990035,34.97620181,8.128601375,0,94.19881589,57,73.74,10.88617265,14.08326967,5,0.954927426,8.946031746,23.30022918,0,0,0,0,0,0, ,1699.446968,1,1028,1025,1028,1028,-123.5894035,44.84601311
134,35215,44.78876712,-123.7587798,OC,Siletz,2017,462.9,18.5,1133.56,53.15,4.478769034,11.82436811,1.6,2.465909091,3.86,0.32,0,0,5.98,0.64,9.140008309,44,7,4.540283641,4.540283641,0,0.35,0,0,0,17.81643227,1.51220566,0.27,0.116666667,56,14.88427546,74.97681134,13.64468232,47.40694662,19.48473591,7.726613916,11.73702124,95.52924341,65,49.88,14.0419097,10.77554547,3,0.64808814,12.26666667,12.09764528,0,0,0,0,0,0, ,3171.761902,1,1165,1171,1165,1165,-123.7524324,44.79110595
135,35643,44.87943713,-123.725971,OC,Siletz,2011,983.9,370.4,24761.97,1203.62,4.635442522,0.156977335,2.6,10.81071429,45.92,1,63.075,3.25,71.02,2,2.06748874,28,14,89.5481674,88.75577254,0.792394858,1.22,5.168721849,9,6.64549952,2.106613987,1.422908832,0.960727273,0.103333333,74,20.17047558,47.39731284,27.20062205,26.01079352,36.08574656,8.60099655,2.101841322,53.18717337,86,79.68,8.740725684,8.098383982,0,0,45.92,7.521089542,1,15,0,1,0,0, ,234.8528137,5,640,690,640,640,-123.7240733,44.8805813
136,36488,44.87700364,-124.0296381,OC,Siletz,2012,514.6,0,851.09,0,0,1.289739604,8.86,1.743548387,6.92,0.33,28,2.3,18.96,0.66,6.024096386,31,14,66.15869062,66.15869062,0,0.503571429,0,3,5.829770696,5.311725846,2.720559658,0.43,0.13,0,84.85002174,9.933342994,95.38127578,1.605147517,0.057367611,0,2.956209097,50.67852053,16,18.31,3.109211038,3.558103381,1,0.19432569,19.08,0,0,1,1,0,0,0, ,2633.711037,1,312,212,312,312,-124.011716,44.87181417
137,36915,44.81204136,-123.7446437,OC,Siletz,2016,1015.7,15,5641.24,36.6,0.644611331,4.965737915,7.3,5.142857143,8.44,0.43,12.35,1.25,10.14,0.86,3.395750461,35,10,12.01319516,12.01319516,0,0.695,0.970214417,1,0.970214417,12.21208531,0.98454268,0.556,0,955,11.02260247,23.78338751,11.47173338,24.0759661,42.15467795,19.36877111,2.928851465,99.42865151,84,115.7,8.270158511,11.39115881,0,0,19.66666667,94.02382593,0,0,0,0,0,0, ,464.5584412,3,986,985,986,986,-123.7418064,44.81377168
138,36918,44.73886645,-123.8408779,OC,Siletz,2016,536.7,4,962.66,2.8,0.290017194,3.991615428,9,1.784782609,2.98,0.3,12.03333333,0.75,6.86,0.6,8.50749029,46,16,16.87485758,16.87485758,0,0.4,0,0,0,11.34018456,2.981181293,0.35375,0.09,0,15.30965797,41.30376097,18.67141052,37.1130342,35.83861579,0.602873242,7.774066248,91.42726507,15,17.37,2.794857462,3.236444941,0,0,10.13333333,0,0,0,0,0,2,0, ,1565.954544,1,1295,1304,1295,1295,-123.8354327,44.74748123
139,37347,44.79561871,-123.8991462,OC,Siletz,2013,978,6,41080.8,3.2,0.00778892,0,12,26.6,47.13333333,1.166666667,0,7.333333333,49.96666667,2.333333333,0.508130081,5,3,99.99221108,99.99221108,0,1.066666667,2.032520325,3,3.048780488,6.958981612,0.306748466,0.733333333,0,381,0,0,28.37367345,34.61542206,32.00798364,4.999610554,0.003310291,51.29290876,42,18.47,4.294478528,1.888548057,0,0,40.67171717,38.95705521,0,1,0,1,0,0, ,1158.82251,6,902,869,902,902,-123.8990673,44.79450218
140,39708,44.90128653,-123.9120471,OC,Siletz,2008,981.1,44.9,18414,309.1,1.650901827,0.51574763,2.916666667,16.77777778,26.65,1.133333333,34.56,3.46,30.38333333,2.266666667,1.754385965,18,8,64.87227008,64.50053677,0.371733313,1.4,4.873294347,3,2.923976608,4.812382739,0.815411273,1.128571429,0.385714286,150,6.592075717,31.27471084,10.17898722,32.45810586,26.75775503,8.641843885,21.96330801,77.87145332,86,499.51,8.765671185,50.91326063,8,0.815411273,24.3261396,15.28896137,0,2,0,0,0,0, ,519.411255,3,267,275,267,267,-123.9134956,44.90374854
141,39967,44.78007601,-123.872488,OC,Siletz,2009,493.2,21,1003.65,9.825,0.969436839,6.106853204,2.6,2.138571429,4.56,0.32,10.6,2,6.24,0.64,6.806690004,35,10,14.07040134,12.88635635,1.184044994,0.488888889,0,0,0,11.27631579,2.02757502,0.411,0.075,32,22.36851503,46.71783221,26.99625757,41.1428407,25.99297913,4.341303319,1.526619281,79.95645879,0,0,0,0,0,0,14.05714286,6.488240065,1,6,0,2,5,0, ,2102.939392,1,1058,1120,1058,1058,-123.8630314,44.78674385
142,40218,44.79268856,-123.7694138,OC,Siletz,2010,506.6,4.9,995.75,6.76,0.674307488,6.544413739,2,2.108108108,4.64,0.61,0,0,9.22,1.22,7.233626588,37,9,10.79390729,2.138632034,8.655275259,0.325,0,3,5.865102639,12.24856322,1.776549546,0.257142857,0.057142857,262,13.89369561,31.08044723,16.87852142,25.8763128,34.8370617,16.13175239,6.276351689,63.61952862,134,110.2,26.4508488,21.75286222,0,0,7.703496503,51.71733123,0,0,0,0,10,0, ,2180.071427,2,1106,1104,1106,1106,-123.768641,44.79285348
143,40222,44.7480372,-123.9606117,OC,Siletz,2010,494.65,52.4,4091.85,81,1.941119379,1.970484181,1,4.532978723,22.2,0.98,0,0,25.24,1.96,8.591536423,47,23,92.42268474,4.424553962,87.99813077,0.483333333,1.827986473,1,1.827986473,1.071386604,4.64975235,0.58686875,0.09,0,83.15063289,16.84936711,95.73605695,4.263943045,0,0,0,56.8270217,32,46.08,6.469220661,9.315677752,0,0,25.83601954,0,11,20,0,0,0,0, ,1178.969696,1,1111,1167,1111,1111,-123.9597074,44.75065104
144,40228,44.9598171,-123.9028435,OC,Siletz,2010,1097,91.8,5639.66,79.28,1.386270882,3.564083865,1.9,4.341860465,8.36,0.76,0,0,15.98,1.52,3.617092867,43,11,11.90832567,7.815609186,4.092716482,1.025,1.682368775,6,5.047106326,12.92735972,1.002734731,0.664,0.163636364,735,11.8355964,49.59268845,15.89315133,41.69106728,17.90064534,18.98820994,5.526926113,81.30187304,222,177.37,20.23701003,16.16864175,4,0.364630811,11.04285714,67.00091158,0,5,0,2,3,0, ,1303.675324,3,35,50,35,35,-123.9012416,44.96072324
145,40472,44.96331816,-123.6418977,OC,Siletz,2011,481.5,31.7,1089.58,39.35,3.48560141,7.616407061,2.3,2.022222222,3.94,0.3,7.6,0.8,8.42,0.6,12.27591582,63,20,15.89646834,15.73259635,0.163871985,0.358333333,0,5,9.742790335,6.512690355,4.153686397,0.302777778,0.1,133,0,55.37267081,0.144384506,30.53448375,24.01508334,20.15783019,25.14821821,87.58118992,130,114.39,26.99896158,23.75700935,1,0.20768432,13.32761905,27.62201454,0,0,1,0,4,0, ,1202.756493,1,241,208,241,241,-123.6355684,44.96480003
146,40475,44.75233404,-123.7644919,OC,Siletz,2011,1014.2,63.6,3720.06,116.74,3.0426397,0.667718399,7,3.084302326,5.68,0.4,11.76,1.18,10.1,0.8,7.979216923,86,51,78.89126355,66.66388657,12.22737698,0.598888889,1.855631843,23,21.33976619,3.720657277,5.028593966,0.547333333,0.107333333,9,28.18340203,58.96088491,42.1527778,45.97968161,11.44395844,0,0.423582152,90.61488423,232,45.71,22.87517255,4.507000592,0,0,14.15793651,0.887398935,1,30,0,9,0,0, ,1283.086579,2,1327,1279,1327,1327,-123.7548526,44.74908811
147,40981,44.70986163,-123.8435527,OC,Siletz,2013,723.8,15.3,1664.86,19.26,1.14362397,1.106161923,16.86,2.182666667,2.55,0.41,0,1.09,3.53,0.82,10.14747666,75,41,66.13186709,55.90337981,10.22848728,0.509722222,0,1,1.352996888,7.069344811,5.664548218,0.407368421,0.138,0,18.7018923,80.90595433,36.70908249,61.87670712,0.531434815,0.562311474,0.3204641,61.19755258,32,39.18,4.421110804,5.413097541,3,0.414479138,6.591558442,0,2,11,0,1,2,0, ,1256.101731,2,1441,1410,1441,1441,-123.8505851,44.70385214
148,40985,44.86139462,-123.634975,OC,Siletz,2013,492.6,0,1313.69,0,0,6.609642712,2.1,1.98372093,4.46,0.26,0,0,8.96,0.52,8.729192042,43,18,66.61084426,66.61084426,0,0.358333333,0,4,8.120178644,6.136023916,3.65408039,0.321666667,0.05,196,33.96832001,39.98533884,52.05557542,19.046335,5.193610628,10.23859584,13.4658831,59.79496549,64,94.53,12.99228583,19.19001218,3,0.609013398,16.45333333,39.78887536,0,0,0,0,1,0, ,2480.512986,1,906,914,906,906,-123.6352224,44.86668066
149,41513,44.8508472,-123.9476581,OC,Siletz,2015,1005.7,63.4,1837.195,68.56,3.597524341,1.161877299,16.2,1.646551724,3.06,0.32,4.32,0.88,3.56,0.64,10.85024787,116,49,57.75243932,56.29842241,1.454016912,0.389361702,0,6,5.612197175,7.130185407,4.872228299,0.324583333,0.088292683,0,47.13628202,46.9150207,50.40595805,41.3630763,0,0,8.230965653,88.51941924,112,149.23,11.13652183,14.838421,5,0.497166153,9.663809524,0,1,7,1,0,2,0, ,1468.233765,2,563,528,563,563,-123.9333455,44.84880632
150,41517,44.79544134,-123.8526477,OC,Siletz,2015,1000.3,58.05,1710.361,40.7325,2.326117937,2.092922123,4.1,1.592751678,3.76,0.32,6.46,0.9,5.24,0.64,14.07851845,149,74,51.48397273,49.94422057,1.539752161,0.3025,0,19,17.95247319,3.803730592,7.397780666,0.259666667,0.077333333,13,34.77440609,45.33713461,40.90642514,37.15974979,10.56795569,0.504484769,10.86138461,99.94540768,279,237.55,27.89163251,23.74787564,4,0.399880036,11.85714286,1.299610117,0,0,0,9,18,0, ,767.1320344,1,953,939,953,953,-123.8482465,44.7958206
151,41747,44.70353205,-123.7966419,OC,Siletz,2016,1002.6,28.1,3319.21,45.36,1.348166333,0.838519848,12,3.144776119,6.86,0.44,10.92,1.4,9.12,0.88,6.500436596,67,35,66.17576689,66.17576689,0,0.578571429,0.970214417,3,2.910643252,4.292794669,3.490923599,0.502,0.123333333,84,19.96847521,55.74420019,27.04038809,46.36866425,18.79563468,2.999841344,4.795471635,80.2421224,43,83.33,4.288848993,8.311390385,5,0.498703371,16.25809524,8.378216637,0,2,0,0,1,0, ,888.8225099,2,1479,1468,1479,1479,-123.7953616,44.7044198
152,41996,44.74926366,-123.6452859,OC,Siletz,2017,501,4,1125.75,5.2,0.459790442,7.75508982,1.8,2.171875,4.02,0.34,8.3,0.85,6.86,0.68,6.336633663,32,6,5.047968522,5.047968522,0,0.45,0,0,0,20.93698176,1.19760479,0.376666667,0.1,131,13.16720257,39.50160772,11.3409523,30.32936911,38.28873956,15.1107476,4.930191432,98.00715072,49,32.54,9.780439122,6.49500998,1,0.199600798,12.13809524,26.14770459,0,0,0,0,2,0, ,665.7716447,1,1429,1432,1429,1429,-123.6394375,44.75214553
153,42007,44.9591963,-123.9491218,OC,Siletz,2017,996,120,3910.5,214.4,5.197701762,2.600903614,3.1,3.380357143,6.68,0.34,9.166666667,1.1,8.18,0.68,5.017921147,56,14,13.29244345,13.29244345,0,0.560714286,0,3,2.688172043,11.9332763,1.40562249,0.4,0.175,276,16.80387706,29.00834305,17.88213048,29.25210308,35.17515576,14.98581784,2.704792843,85.52867384,130,146.1,13.05220884,14.6686747,5,0.502008032,19.84761905,27.71084337,0,0,1,0,0,0, ,531.8376618,3,14,15,14,14,-123.9492321,44.95945429
154,205050,44.92675565,-123.8032598,OC,Siletz,2007,501,118.5,1323.95,204.67,13.38920072,11.2239521,2.3,2.8625,5.32,0.4,8.7,3.133333333,8.06,0.8,5.165456013,32,8,12.56754458,12.56754458,0,0.53125,0,0,0,14.55592105,1.596806387,0.3825,0,579,0,0,5.979864913,20.77727812,20.15713061,37.32068461,15.76504174,98.57187696,74,31.85,14.77045908,6.357285429,0,0,13.41142857,115.5688623,0,0,0,0,2,0, ,2195.512986,2,283,256,283,283,-123.788575,44.92679105
